hash,ip
005a8fce,95.181.238.180
0413c5f5,188.126.89.98
061148ae,181.214.206.1
084ed3f0,84.17.60.73
08e445c6,138.199.39.161
0a541e26,173.239.201.1
0b30d2dd,146.70.52.210
0b700285,216.24.213.5
0bb59f68,217.138.193.178
0c8525ee,84.247.105.7
0f46b4d9,91.90.122.146
10d9c7c5,188.214.125.66
110d7c22,87.101.94.66
125b718d,178.175.130.242
151bac1e,138.199.31.91
151d7f3d,188.126.94.226
176eaa91,212.32.50.4
17dc7a08,165.231.182.142
180c1e05,181.214.218.10
18b2a479,173.239.247.2
18cd0d9c,203.188.182.2
1a4e284d,84.17.39.161
1aa17983,188.126.94.194
1b3e92b4,95.181.235.130
1d7b7dec,146.70.59.3
1db5c1fc,31.171.152.98
1e2ab2b2,185.253.160.130
1e65ad9a,196.245.54.2
1e776a15,188.214.122.34
1f61da1c,181.214.218.14
1f935d50,191.101.210.2
2101d0fa,185.253.160.145
2233c16f,185.206.225.226
248074e8,191.96.150.5
24f011b7,84.17.56.129
25382e0c,188.241.177.2
2624728b,91.90.124.130
265ebb04,95.181.234.130
28075985,156.146.55.158
299044b3,66.56.82.1
2d3a537b,181.214.218.2
2e13bc41,103.108.174.129
2f6c544b,173.239.217.2
2f79edcb,149.34.242.223
305e7dee,221.121.135.57
30cb4682,146.70.65.29
33ee1259,95.181.232.14
3416110e,154.47.30.1
34790128,173.239.247.26
37360a52,45.133.173.60
37ef9cff,156.146.35.26
3896ed20,173.239.220.2
3908ed30,84.239.14.177
39406c17,84.17.56.160
39ac6e78,79.127.175.60
3a57d6a4,176.125.230.146
3ac6e57e,185.189.114.114
3c79e7bf,146.70.11.54
3de19db5,62.133.46.2
3e134c83,195.181.161.1
3ed35f56,79.127.175.1
4080bd13,173.244.32.2
4142d724,173.244.33.2
42562e0e,212.112.19.34
463b558c,98.159.40.129
476cad33,188.241.177.146
4b17ebe5,188.241.80.130
4b7a95d4,45.154.155.2
4b8552ff,154.47.23.11
4cc9d141,37.19.223.199
4d00bbde,223.252.16.130
4e725b36,194.32.122.4
4ebd8c21,173.239.217.15
4f1712a6,146.70.39.2
4f21ba28,191.96.168.4
4fd7bed2,173.244.42.128
4ff7e966,45.154.153.2
51992327,188.126.88.2
51cf8d56,185.217.71.18
51f11ccd,86.106.74.242
5257fab4,77.81.142.206
54ae93df,98.159.36.15
55b1fec7,188.215.235.46
576464aa,64.64.98.2
57e4c5d9,84.17.62.129
58721f7a,176.125.228.145
5a2cedf8,82.102.27.90
5a395482,176.125.229.130
5a93bf32,185.253.97.242
5b4f0beb,149.34.243.65
5bc1839a,185.253.162.145
5c9ee864,95.181.236.130
5ce421eb,91.90.126.130
6028d18f,188.213.34.2
61fec1d4,95.181.237.130
63b58a2c,95.181.236.145
63d55ee4,46.246.3.141
64eae1d2,185.253.162.130
673c65e9,173.244.42.145
67597d32,176.125.228.130
67a21d79,85.9.20.130
6866ea8a,181.214.218.15
68e466ad,103.108.174.155
6b10f10d,181.215.176.97
6e08573d,203.188.183.3
6f85c583,84.17.52.31
6fc97ef2,82.102.26.210
7073dda9,146.70.52.77
708d8392,149.102.248.177
71d31bf0,146.70.65.2
756465cc,155.2.195.30
7586dc90,138.199.56.251
7c4a5061,84.239.42.129
7c85a5cf,188.126.73.196
7e3ff963,98.159.41.2
80064179,91.90.124.146
81232ddb,102.129.143.1
81f7c8f3,191.101.210.5
829956cc,156.146.36.193
82bd987c,45.134.212.193
831fe84f,146.70.59.4
83a052ac,188.214.125.34
846a3a27,62.133.47.145
8551ef41,45.132.194.51
85fa0197,138.199.59.154
876bf208,203.188.183.5
882a3435,45.84.102.2
891b1e02,92.204.175.82
8acbd37b,37.19.223.111
8b5242a8,138.199.54.13
8bf7133f,84.239.49.20
8d0eff7c,188.214.122.66
8d332fe7,149.102.232.92
8da0561f,149.88.26.51
8e63af86,84.252.92.130
90022a72,95.181.238.168
9157deca,45.132.194.14
91e3bc29,37.120.142.146
92b2939d,64.64.112.2
9454e740,173.239.205.2
947e6714,95.181.233.130
94cfa68b,149.102.232.65
956a2d09,84.17.52.91
958c7454,84.247.105.4
97ca9c19,188.213.34.34
984947b4,146.70.52.242
99c8357b,84.17.49.181
9ab37582,146.70.10.40
9ac9dc0a,146.70.39.130
9c75e556,176.125.230.130
9cdb22ad,212.112.19.2
9cf45dc5,138.199.36.224
9f262703,31.171.155.2
9fd4f48b,84.17.47.91
a05c5e11,149.88.26.1
a0900eee,149.102.239.161
a1687ba6,196.196.53.114
a2913a82,188.213.34.10
a5d17ce6,45.132.194.2
a6421f1d,191.96.168.2
a91e4ea4,95.181.232.130
a964872b,91.90.122.130
ab55055c,95.181.233.145
abe74e04,195.78.54.4
abef1308,37.46.115.41
acf4e6f2,77.81.142.218
ad2a5ca4,31.171.152.130
ad74d053,77.81.142.145
ae1e02b6,37.19.223.1
af3b6993,194.32.122.16
af3eb82d,173.239.194.2
afa20079,84.239.49.4
b40aebed,138.199.59.129
b521b579,89.187.162.67
bae88af3,181.214.218.9
bb41586f,62.133.47.130
be1c501c,102.129.143.25
be8da5ba,154.47.16.220
c2f276ed,154.47.29.193
c342336b,37.46.113.223
c36ba459,102.129.143.75
c3c13dbe,185.225.28.2
c517a347,154.47.16.129
c6c22295,146.70.52.194
c7b7e4dd,84.17.48.91
c97e242b,146.70.52.226
c99caac6,45.133.193.18
ca23b44a,154.47.29.225
ca7d7a95,173.239.201.129
cf5e1017,196.196.53.18
d1026a4b,173.244.49.2
d12fbb67,212.112.19.66
d415385a,188.241.177.114
d5b362ff,154.47.18.153
d62df2ad,146.70.121.194
d64bcc2f,45.134.213.161
d6540406,165.231.182.129
d6975be7,178.175.142.130
d8607f81,176.125.228.156
d941f63b,84.17.58.1
db3de120,91.90.120.2
dd851875,154.47.18.202
dece7fb5,95.181.239.130
e14e9ec1,188.241.177.130
e15bfc73,188.126.79.4
e213a7b0,216.24.213.3
e2b85180,154.16.81.2
e33e5e7c,188.241.177.34
e37c8ce4,5.181.233.2
e390324f,138.199.54.1
e6a7d75f,98.159.36.2
e6f4c2ee,98.159.40.1
e94b35cc,146.70.12.2
e9ad511d,181.214.153.2
ea9819f9,91.90.120.18
eacfe1a2,146.70.10.2
eb0d8b95,146.70.11.2
ec042349,146.70.15.2
ef28465e,77.81.142.160
efa241f8,155.2.195.1
f0313d60,185.136.160.210
f17536a3,173.244.58.1
f4de3ebe,196.196.53.34
f4fe092c,188.215.235.34
f505b4b9,154.47.20.205
f50dae00,62.12.118.194
f71d5325,173.239.200.129
f9ff0da3,146.70.38.62
fa03f2ee,195.80.150.210
fa6dac78,84.17.35.26
faa4bfdf,62.133.46.17
fbb82004,191.96.227.5
fc67e066,173.244.49.26
