2.021914949490676572e-01,-2.421934830365428115e-01,1.372224023470411947e-01,-2.609497350182359704e-02,8.274781320013997743e-02,-5.383269543059069490e-02,1.185908447608132327e-01,-1.463989974205854583e-01,3.673901416593959579e-02,9.464893724679489251e-02,1.945508078451129233e-02,2.328620822332408968e-01,-1.772837584696179969e-01,-3.851304500898102279e-01,1.692258114361377963e-01,-3.975687770577743252e-02,-4.971982617202406335e-02,-3.930341935042015560e-03,-2.832948752163457762e-01
2.595744106254515016e-01,1.391150967141213668e-02,-2.912780217648905934e-01,-1.394410320148675442e-01,1.478672078038160143e-01,-1.602100408197146622e-02,3.312690434072958906e-02,-2.486178234243653987e-02,-1.079493894438528362e-01,-1.027166805633018681e-01,6.019428865389424288e-02,1.689862197382271392e-01,1.044346238352979600e-01,2.986298029018456118e-02,-7.299700773271000642e-02,-8.657279640224743722e-02,1.337791841563785999e-01,-3.250387337567624442e-03,-7.032633533777024604e-02
1.327509385610470827e-01,2.593342049759707058e-01,2.570480088802653551e-01,-3.575983841223386722e-02,1.562907327349651876e-01,-3.717736274324602574e-02,2.657690886260820062e-01,-1.454911898407341697e-01,1.213230460932561011e-01,1.466219484558173858e-01,7.448405306007704896e-02,-9.351025014035210803e-02,5.472808026749977767e-02,-5.152097770142636396e-02,-2.882440162844098763e-01,2.384072755633871443e-01,1.989050466234794923e-01,1.681980627614563795e-01,1.826567645543610285e-01
5.667837137262513730e-02,1.541774179123307775e-01,1.829608936999251312e-01,-2.204927745881316292e-01,-3.870566132557589495e-02,-4.743476139403218078e-03,-4.113335558737558073e-01,2.882747284779993424e-01,-1.191013874118700688e-01,1.080126269697276181e-01,-1.879389942444047168e-01,2.146185171792568125e-01,1.150116293710841675e-01,1.635562325159838903e-01,3.280991501209397088e-01,1.388628259791332142e-01,2.543172281971519122e-01,2.006002488668956196e-01,3.663771747453033467e-01
8.823505893855346227e-02,2.444225383762093154e-02,-8.873384684586128890e-02,-4.567943557653437320e-02,3.929678359209241856e-02,-5.977205531367001112e-02,9.472463896119280580e-02,-1.424208583466813338e-01,2.699759139040805445e-01,6.968537608502877179e-01,-1.477800397876199989e-01,2.581587407666076084e-01,-2.561894232878858535e-01,4.110231039423977162e-01,-7.331686154474918726e-02,-1.798857395478033194e-01,-4.626937013589470238e-02,-2.487166593029987299e-02,-2.503135429374787196e-02
1.783087036391524105e-01,-3.092638302101885159e-03,-1.974140688648891029e-01,3.263468531567362968e-02,6.934530385199969005e-02,3.499370061085829015e-02,6.610268238662204976e-02,2.212092854716314616e-01,1.455077027656696831e-01,2.599029694498097842e-01,-2.331186597333714527e-01,-4.256475188205385285e-01,7.479242054769677517e-02,-3.064653140500952500e-01,1.595096945146227407e-01,-7.857131305657746867e-02,3.794147030936628751e-01,-4.563781145133795070e-01,1.034820876687821550e-01
2.730789078293494598e-01,-1.633714668202283088e-02,6.440041010174873959e-02,3.156487282451157506e-01,-6.887161287400640763e-02,2.094495599237361852e-02,-2.045688241318129597e-01,-8.027562871321580751e-02,-2.030417577845016960e-02,-4.253490756705375839e-03,2.309388141843989051e-02,-5.006790751028219327e-02,1.646908327351036608e-02,3.582018625776185738e-02,-6.493962031417181702e-02,1.927023106039761902e-01,-1.490400546421712935e-01,-2.772182505974150613e-01,-1.147986085974134068e-01
2.294634031319372769e-01,5.952521277769058303e-03,-2.818750464803725930e-01,-1.721784125663392562e-01,1.497281612949185603e-01,-2.359750878410982883e-02,2.767590203490169140e-02,-1.013857962920255013e-01,-1.475927510829310729e-01,-1.614367803539139279e-01,1.248601236741792991e-01,3.086418450164407079e-01,1.370057672549698513e-01,5.721994616697844566e-02,-1.310009207693134947e-01,-9.479986923455853420e-02,1.445536658304359401e-01,-1.574819734861093445e-01,6.163416974419731048e-02
1.373276056802427980e-01,7.904736188522500095e-02,-6.160801303689159014e-02,-1.113989669084157336e-01,5.822241645429662021e-02,1.799167663068727135e-02,-1.131695719553837617e-02,-1.443263329432290798e-01,3.580646113302265315e-02,-3.070591433786812319e-01,2.094202898155066439e-01,-3.316174126793844934e-01,-7.027105170136342949e-01,2.617214232010228736e-01,2.059465629589634639e-01,-9.969234163454529507e-02,1.986420817415151252e-01,2.245703906895758079e-02,1.152454541493714429e-01
2.597031631036789134e-02,3.555924661727185437e-02,3.442903586670176957e-02,7.145084967765853723e-02,3.744140816674042943e-02,-1.244407113938193928e-02,1.795548131856796459e-01,-2.617767114278609086e-01,-1.864638764600350385e-01,-2.819261441903244680e-01,-8.639911927424539506e-01,5.863876497890970624e-02,-1.232284525057094071e-01,3.802954453645669697e-02,-7.482873962655904598e-02,2.067017955703371462e-02,1.283913083331430366e-02,7.443841425069611974e-03,3.326202959723305319e-02
8.108816705371967026e-02,6.013641857989113909e-02,-1.405162374537293271e-02,9.843419745325335257e-02,-1.845741614941306119e-01,1.967987965645233948e-03,-4.118642587568312474e-01,-3.928916635782853106e-01,4.207501304195425118e-01,-1.100462711244991204e-01,-5.496040911109194987e-02,-8.891128687631953686e-02,2.044378342151977890e-01,-1.575369665890357929e-01,-1.157227611840163234e-01,-4.852233225823078810e-01,6.229946266495527130e-02,2.528070663304657351e-01,9.780135401973079345e-02
2.936328501396623936e-01,8.370527725032778088e-02,1.235446911358301925e-01,-2.661651787222362731e-01,-4.161007398051558975e-02,2.814390386759624708e-03,-1.506528009241145105e-01,-1.006905720828528555e-01,-4.031580884585179297e-02,3.625297410779729917e-02,-2.889400516202921682e-02,-7.005041329934645622e-02,7.551638078689954132e-03,9.487835240175150620e-03,9.517496509888841161e-02,1.652154755577870671e-01,-1.373927743607862850e-01,-5.669532970925338089e-02,-1.012731757455696963e-01
1.376909016130988817e-01,3.874368665477608692e-02,-7.956248040062601640e-03,-8.960859426022269383e-03,-5.059046969855275355e-01,3.447581985580251973e-01,2.201431164414482666e-01,4.593007987205463549e-02,-4.882078706783705285e-02,5.784271417049101317e-04,4.504139686431114786e-02,8.958855186785277813e-02,-3.752725404144786892e-02,2.037428441575238596e-03,-3.134580885464910427e-02,6.089383853436608485e-02,-3.942073848737940450e-02,3.078074841363806838e-02,2.814722027193275813e-02
8.189725105737413746e-02,3.808410959820939662e-02,-1.074962168178672343e-02,9.122368569112440650e-02,-3.772950516603023607e-01,2.861604435212386499e-01,2.355477014011487236e-01,2.637895038809420778e-01,3.721843343696428219e-01,-2.072587180506382798e-01,-1.776878284347666731e-02,3.065855031880744264e-01,-7.522018802211427602e-02,-1.512038418172517891e-02,-3.855288529710523826e-02,-1.095876560102525092e-02,2.470745289754180118e-01,-5.863866224529896282e-02,3.102141435622017551e-02
-7.583219817927838724e-02,1.006358958562898753e-01,-4.324684039953201331e-02,-1.773963655519583960e-01,-8.127145457683085383e-02,-1.591810186470084959e-02,-3.727540332762177555e-01,3.009814786291200583e-01,-1.424951920064269351e-01,7.229511530380322570e-02,-8.154807930837187913e-02,5.631550615194731019e-03,-3.861592174027905777e-01,-2.448658971080421853e-01,-6.713962174160330587e-01,-3.367894523412733043e-02,1.005891119326969042e-02,-6.507643017526133777e-02,-6.815944262223924688e-02
3.339921506154412412e-01,7.095753741124626035e-02,1.002350114957471228e-01,-8.265216051345390669e-02,-1.451771146013896840e-01,5.751008263127688203e-02,-1.559513261902596704e-01,-1.119653474624525830e-01,-8.648846212664042590e-03,1.837354261627765356e-02,-1.004006903968652359e-02,-3.387246360959704494e-02,1.098281099777665207e-02,3.839536417576256723e-03,3.797557333349928926e-02,1.412260752484231774e-01,-9.984450694428892437e-02,-8.882320574491439635e-02,-6.552850149516642464e-02
1.304285130184735797e-01,-4.009654330777068787e-01,2.111787638562811764e-01,-6.871511123522132392e-02,5.103491753814646918e-03,-2.872939603449551488e-02,-3.200942387901035968e-02,-9.468899776382603412e-03,-2.429206388338014683e-03,5.894763075307409526e-03,6.737262403664406527e-03,6.292113974185782610e-02,-6.143508685093320570e-02,-8.691843182037013726e-02,-1.560785706097672816e-02,3.919385465848333749e-02,7.821936564931150637e-02,-7.253484939985106392e-03,1.982787549758444900e-01
1.347658464838094039e-01,2.842479108500612361e-01,3.220851654196738578e-01,-6.930207497913241921e-02,8.889315187650993766e-04,-3.463846404118654104e-02,-1.533322666656064259e-01,1.252809685976511616e-03,2.981209110272953905e-02,-6.783656140788722755e-02,-1.537765639788641649e-02,9.072879093693800301e-02,3.944981520737141090e-02,4.726314139389613256e-02,1.255295516039647563e-01,-8.116974184269308557e-02,2.375178701886427324e-01,-1.418280519762487868e-01,-5.444684177784457901e-01
1.183368513093476238e-01,2.809251474132478665e-01,2.933730300678248915e-01,-2.356601517693858103e-02,1.605093714594970078e-01,-3.438178753270221960e-02,2.553667118279522863e-01,-9.877035345426049551e-02,5.701113669518442090e-02,-1.696237895854495886e-02,1.233981503410149089e-01,-8.781026752017562220e-02,8.316912382731575515e-02,-1.126858653034668867e-01,-2.510576348251928880e-01,1.320784048600272542e-01,1.256705158218642537e-01,1.089155181745937867e-01,1.085250767340062844e-01
2.840382848612805211e-01,2.318937855920154972e-02,-2.109520183704922391e-01,-2.214491674228009563e-02,-9.011951551330880938e-02,6.301415548447900083e-02,-1.000147398640029162e-01,-7.470493519576629216e-02,1.526870339895091966e-01,-1.449933125151986642e-02,-2.865334863873527163e-02,-8.484403689321767805e-02,-6.586721452168407126e-03,1.690240277877854552e-02,-3.761155974985861544e-02,3.170519119961811016e-01,-4.062353874379520668e-01,-3.192354490973054598e-02,2.660257411060180099e-01
2.565425506070930783e-01,-2.038562207068196630e-03,-3.135511620686819434e-01,-1.344601195461249954e-01,1.574623691355481192e-01,-8.516299723535715460e-03,3.361136547381824574e-02,-7.067494883412516436e-03,-1.013631605307977329e-01,-8.987551098848590991e-02,6.263783114420698461e-02,1.589911712700940172e-01,1.249625091185698894e-01,-7.037397292103383939e-03,-8.740425324987116662e-02,-6.559214827834024264e-02,8.891427352552527807e-02,4.266010140062330425e-02,4.397872545269750771e-02
4.016871503567797513e-02,1.888120551108411066e-02,1.481985320064278626e-02,-2.047861309540642896e-02,-3.663409710757783433e-01,1.826140122060080639e-01,9.020027081110205958e-02,-2.677761366622883332e-01,-6.103928567749529188e-01,2.929501750079152034e-01,8.890971732914615400e-02,-1.919216354841844219e-01,6.355068506809560813e-02,-3.786558970915152728e-02,4.344624933468947160e-03,-2.417722545855179039e-01,1.362833347550474472e-01,7.433832939714887789e-02,3.766204366504694728e-02
2.763677453430783415e-01,2.365418145882412781e-02,1.157391959308484153e-01,5.413715510297311545e-02,5.856426316523315884e-02,2.908440691339189005e-02,1.231451715470897046e-01,3.822442853227253634e-01,-7.297197479400872877e-02,-5.095403076791736596e-02,-6.195171009506784954e-02,-6.249927589489179258e-02,-3.242713954790754638e-02,1.104960793669815394e-01,-1.082312746780175056e-02,-2.547296003007031850e-01,-1.884694543854410487e-01,3.233247527833811863e-01,-1.760089943803611889e-01
8.677228303779360719e-02,-3.634210290220190043e-01,1.708335020347546696e-01,-1.255840399547683006e-01,-2.419184444880614210e-02,1.340621489005652985e-03,2.735566185883440971e-02,9.552114779759535157e-02,5.385116831829443729e-02,-7.722960341309564880e-02,-2.950336212049784607e-02,-2.321262090743686224e-01,2.094446908528197759e-01,3.749488718790666142e-01,-2.379576538380190620e-01,-9.916332286865529866e-02,6.199712966115380336e-02,-6.746749073264184104e-02,-3.861160934840067449e-02
1.200534145835977090e-01,2.443160986235110577e-01,2.609243329174810166e-01,-2.318183376178965457e-02,1.253597530854757558e-01,-1.994892103852136458e-02,1.373147942133519095e-01,1.877207896618459382e-01,-6.451900455686976343e-02,-5.832014681105367193e-02,2.350331908413652929e-02,5.259932326561541499e-02,7.347184386945997472e-03,-8.948568507653570370e-02,7.346389343242104575e-02,-5.121441885467014066e-01,-4.216291358937646616e-01,-2.882198850889634567e-01,3.534877291390605136e-01
2.466420543162852752e-01,-8.501259822154570711e-03,-2.486004025570124065e-01,2.180711830525208783e-02,8.455612903983120154e-02,3.856988622500151509e-02,5.657671681949151543e-02,2.327683371537070667e-01,4.884666510618283775e-02,1.081922651494304638e-01,-1.265046019319620574e-01,-2.675227119541397913e-01,3.189201836384691902e-02,-1.322921572542480884e-01,7.830714672169880597e-02,2.306273943047097014e-02,-8.149101335782388267e-02,4.978336453696090569e-01,-1.802135786516365357e-01
1.090804678430795649e-01,-4.030413779654614670e-01,1.963606415066446176e-01,-1.175320697013290949e-01,-1.302103388878181334e-02,-1.202829743047949783e-02,1.902060812177840815e-02,5.495428631930436569e-02,3.786240018168621213e-02,-5.225403406847374532e-02,-2.999241325419128856e-02,-1.394502840076731753e-01,1.147135893144488328e-01,2.266652762063052495e-01,-1.718671020787804204e-01,-5.314619004231257993e-02,7.336314909210606139e-02,-5.634121792591435113e-02,1.468477776215052454e-02
1.227595957656683612e-01,-3.656101218643089679e-01,1.879180162577699931e-01,-5.378744939872130010e-02,3.410615187920532088e-02,-3.989506640097852802e-02,-2.827352204989608958e-02,-3.730182481187750698e-02,-1.814561666288931618e-02,4.696728766507751035e-02,3.164350456423359326e-02,1.759321172105482445e-01,-2.152723489914917798e-01,-3.520838245724234872e-01,6.994294109999030229e-02,-6.299240567220577153e-03,5.294532107997106801e-02,1.423434974488913540e-01,1.807804224250633696e-01
8.318087866282318499e-02,3.745997137331066179e-02,-5.604456970899675955e-02,-9.607181426942886654e-03,-3.372980967083667458e-01,-5.963142446153804066e-01,8.669247480241844273e-02,1.341044944757330444e-02,-4.280251363667587905e-03,-2.387208776619058337e-02,1.606109961262604593e-02,-1.141202617025577348e-05,1.250370338720363517e-02,1.157459447729899775e-02,6.795147814933955900e-03,4.351415607036052124e-02,-2.573088480753269076e-03,-1.021022824828045766e-01,3.403194400868297942e-02
1.900324251519696639e-01,-2.494356549229098663e-02,6.523622123589452315e-02,5.207571472037990645e-01,8.415949868559038927e-02,-2.279346983637643709e-02,-1.011220292894613321e-01,1.062005831256492699e-01,-1.466167277299295635e-01,9.166033773992157338e-03,6.023397700266319710e-02,4.114111497383754479e-02,-3.742401753480029125e-02,1.292036721347907258e-01,-7.309668334504584863e-02,1.748897348728789547e-02,3.321732511258600890e-02,-4.967746287063211363e-02,-1.613690153662252630e-02
-1.397195282787513371e-01,1.097267811974349597e-02,7.909900040447901196e-03,-5.620713047188738987e-01,-8.599798485656674762e-02,5.925878520087349277e-02,1.160399952797244449e-01,-1.428265771757167638e-02,1.318799590824771273e-01,-4.249874475856244699e-02,-6.479275679112388164e-02,-1.165365397936436176e-01,7.045218725665480797e-02,-6.113188781889383056e-02,3.674772260147281949e-02,5.325243402938004481e-03,-2.160220550639833370e-01,-9.376771096299210684e-02,-1.675959977284249836e-01
5.334740589716543968e-02,3.035112106448818042e-02,-5.062462281401835379e-02,1.007708655811170514e-02,-3.096970102388068025e-01,-6.165718508339826931e-01,1.333857027328382849e-01,1.055838032934049986e-01,-9.510956538546980546e-03,-4.777861119502328779e-02,1.123982597057577096e-02,-1.992127702383086896e-02,-8.387157778503783259e-03,-2.085395354576145138e-02,2.029437458579527037e-02,-2.560805809863136995e-02,3.955656420593784556e-02,1.057372958875043428e-01,4.622709926880288686e-03
