ip,hash
2a03:4000:66:15:18a0:6bff:fe90:3147,002e33bd
64.190.76.2,00ae6ffc
2a06:3000::40,00dd3891
45.84.107.76,012a9074
2a0b:f4c2:1::129,0130126a
194.26.141.106,019c87fa
2a0d:bbc7::f816:3eff:fe0b:58d3,01e7f1df
185.220.101.104,0202c879
2a05:541:110:20::1,021266fe
107.189.30.86,02144931
2a12:a800:2:1:45:141:215:40,021c82a0
216.73.159.101,02336c1f
104.167.242.116,0269d64e
2602:f6f6:2:d31a::1,026e6487
94.75.225.81,02b9e13c
185.241.208.92,02caacc5
2001:41d0:a:fe22::1,02cd6ca8
77.48.28.237,02e193e2
2a0b:f4c2:2::60,02e69165
2a0b:f4c2:1::174,02f69a92
2a0b:f4c2:4::110,030c68be
176.58.100.98,03145aea
193.233.201.122,031a7c03
185.220.101.54,033002cc
178.20.55.16,03322ad6
104.244.73.136,036b165d
46.23.109.25,0382a73e
23.191.200.22,038658f4
128.31.0.13,04596ad6
185.220.101.50,045dc6d5
2a12:a800:1:1:194:26:192:77,04904062
2a0d:bbc7::f816:3eff:fee9:3e45,0494d5a5
2a04:52c0:130:896e::1,049648b8
2a0b:f4c2:4::98,04e5f038
23.191.200.26,04eb9ced
198.98.57.151,0503fca9
195.47.238.44,0504fbed
185.235.146.29,050c6ce8
5.34.182.203,051885fd
192.42.116.14,052342b2
185.241.208.71,0540d0f1
185.220.101.100,056f0c60
2605:6400:20:12b7:4ea2:4422:e11e:adcd,0589e016
2605:6400:30:f49b:e2ee:34f8:c854:6f63,058ee770
2a0b:f4c2:1::170,059b5e8b
149.202.79.129,05ea11df
2605:6400:30:f04d:2605:6400:30:30,06082e21
2a10:1fc0:1::9ef2:318e,061aaeca
2a0b:f4c2:2::39,064ddd84
2a10:1fc0:1::463b:c574,066fa98c
104.244.78.233,06976d9a
204.85.191.8,069de0e8
185.123.53.226,06b06cdc
2a12:a800:2:1:45:141:215:19,06b7ce41
94.102.51.15,06c4969f
2001:67c:2044:1905::26,06f99417
2001:67c:e60:c0c:192:42:116:203,075408e9
172.81.131.156,07761757
194.15.113.118,0788dea9
94.156.152.234,078df298
199.195.253.124,07f1f281
2a10:8a40:f313::29,083a7dbf
185.220.101.155,08720caa
2a0e:fa00:0:30::1,08ae9553
179.43.159.196,08b29c81
185.100.87.192,0908552c
195.47.238.178,09585c05
185.123.53.22,09b3b355
185.113.128.30,09fafd9c
192.42.116.181,0a035159
185.244.192.175,0a19647b
2a03:4000:7:dcc:14ac:f2ff:fea9:e4c7,0a3f03c1
104.254.90.195,0a5ca08e
45.132.246.245,0a61b3a4
185.220.101.58,0a864ee7
45.128.133.242,0ae462f2
2001:1b60:3:221:4134:101:0:1,0ae490ee
109.70.100.1,0af319ba
2a0c:6a41:c13:1337::107,0b0102dd
2a03:4000:15:928:dead:beef:ca1f:1337,0b2a451e
2a0b:f4c2:1::178,0b40d6b9
2a12:a800:2:1:45:141:215:169,0b42bd82
45.141.215.19,0b509657
94.74.164.89,0b60da9b
185.150.28.13,0b959895
94.16.115.121,0ba2662c
185.220.101.108,0bb48452
2a12:a800:2:1:185:241:208:115,0bcd7359
2a03:e600:100::68,0be44ae1
107.189.30.69,0c28792e
91.235.234.143,0c41da15
2a0e:4005:1002:ffff:185:40:4:101,0c609eda
192.42.116.18,0c950e99
198.50.212.160,0cec5bc5
2605:6400:20:c26:5163:253e:1ef6:d896,0d09795a
87.118.116.90,0d2d00bb
192.42.116.185,0d6e9540
109.70.100.5,0d9edda3
2a10:1fc0:1::3120:be14,0da08147
205.185.113.8,0db06abc
109.70.100.67,0e4075ce
2a10:1fc0:1::da9b:f7cd,0e48a093
83.217.9.73,0e8c3aca
104.244.78.162,0ea11710
2a06:e80:3000:1:bad:babe:ca11:911,0ebdecb4
185.34.33.2,0eef2d3e
2a10:1fc0:1::97fa:bc35,0f153a0e
185.220.101.151,0f1fc8b3
2a0c:5700:3133:1705:be24:11ff:fe37:3cb,0f6ab3e2
2605:6400:30:f174:42:42:42:42,0f985fc1
162.220.14.54,0fa9fe1b
5.255.118.183,0fcc5dee
2a0b:f4c2:2::35,0ffb91af
45.141.215.40,0ffbdab6
185.123.53.184,10175b23
100.42.28.67,1022c593
2a05:541:112:31::1,10513902
139.99.172.11,105840ee
185.220.101.15,105bf75e
185.220.101.6,1083e12a
31.133.0.210,1090b8c9
172.104.186.73,10a62750
2605:6400:10:44f::1,10a6e21d
107.189.13.253,10dc9726
104.244.73.190,10e75be2
2a02:898:218::2,10ed2524
2a0b:f4c2::22,11252881
212.69.167.80,114aa877
185.220.101.145,11693deb
45.154.98.33,117816d3
2a0b:f4c2:1::135,119d6f00
23.129.64.160,11f95983
154.41.95.2,12308126
77.81.247.72,1241e556
2a0b:f4c2:1::168,125be7f8
139.99.8.57,1276e17a
107.189.7.144,12930530
37.114.63.5,12a344e1
2a0c:e300:b:b::b,12f47cd8
192.42.116.191,13186018
2a0b:f4c0:16c:9::1,1346d4d6
185.220.101.48,139d7fa6
178.17.170.23,13a8ee1f
2a12:a800:9:1:45:83:31:79,13d87ac1
192.42.116.176,13ffd835
192.42.116.195,1475a401
107.189.5.249,14a494b4
2a0b:f4c2:4::108,14ccd1cd
2a00:c70:1:185:246:84:179:1,14f8b0ac
2a12:a800:2:1:45:80:158:167,14f9ea95
2001:67c:289c:2::40,1508d69b
45.84.107.33,152ca1ff
2a12:a800:2:1:45:138:16:248,152d9320
198.98.50.199,154de787
23.129.64.139,15521562
2605:6400:30:f05d:c272:5525:72b1:e64c,157fe89c
185.220.101.141,1604f9f2
2a0b:f4c2::26,1648ec98
23.129.64.164,16949d9a
45.13.225.78,16a9eb74
66.78.40.182,16b60749
2a03:4000:6:d042:5440:88ff:fedd:4ae5,16c83178
2620:18c:0:192::e0:163,16f86a21
185.220.101.11,17363347
82.118.248.205,17600517
2a01:5e0:36:cf2a::1,176d8967
2600:3c03::f03c:95ff:fe5d:562,178a1d26
185.220.101.2,17ee2533
130.193.15.186,17f7dbd7
45.141.215.167,1823c28c
2a0b:f4c2:1::139,182b232b
154.53.58.161,183008bf
5.255.117.56,18795209
185.207.107.216,18856e19
164.132.59.224,189c4153
5.255.125.196,18b92e3f
220.135.36.173,18db970b
185.220.101.149,18df71c0
45.80.158.23,18fe0162
2001:67c:e60:c0c:192:42:116:217,1922fdb1
198.251.88.18,193c6fa5
45.91.250.107,1951774c
2a0f:df00:0:255::197,19674469
45.95.169.109,19690105
154.16.116.61,196aec8d
2a00:1dc0:caff:73::a568,19961d08
2a0e:97c0:3e3:460:1337:b40b:1337:11,199bcb90
176.124.32.101,19b6e1d5
193.26.115.82,19e95b90
185.220.101.19,19edbb75
2a0b:f4c2:4::100,1a1759ff
185.220.101.44,1a2b338d
147.45.116.145,1a35a0eb
102.211.56.12,1aea59d6
185.246.128.161,1aee51c7
198.98.57.218,1af53f50
2a0e:b107:dd0::3:fa35:9316,1af5ad25
2a0b:f4c2:1::183,1b0a13fe
23.129.64.131,1b899d50
185.241.208.82,1bd19d84
2620:18c:0:192::e0:136,1be56aeb
2a0b:f4c2:1::164,1bedabd3
2a12:a800:2:1:45:138:16:240,1bf61b12
2a03:e600:100::70,1c24f392
77.72.85.168,1c2903b5
193.233.201.93,1c2ac508
37.114.50.18,1c663683
2a0b:f4c2:1::187,1c67d7e7
104.244.79.61,1c6c361d
185.220.101.110,1c743d21
2a0b:f4c2:1::160,1c806fca
2605:6400:30:f0ed:9151:66ed:6366:5c74,1c85d1c5
2620:18c:0:192::e0:132,1c88aef2
2a04:52c0:123:c6c3::1,1cc8001e
2a0e:4005:1002:ffff:185:40:4:22,1ccca033
2a0d:bbc7::f816:3eff:fe83:fa45,1cd729f8
23.129.64.135,1ce45949
2605:6400:10:1ab:2605:6400:10:1ab,1d2fc828
185.220.101.40,1d46f794
185.246.188.117,1d574153
38.135.24.31,1d645fed
2a0b:f4c2:4::104,1d7a9de6
2a0d:8140:1fff:c510::1,1d8dcf2e
2602:f6f6:2:cf34::1,1d996fbd
2a02:ed06::222,1dc28b88
192.42.116.199,1dc3e82a
93.95.228.125,1de19b09
91.219.236.101,1e220e74
84.211.226.13,1e2fa1af
2a0d:bbc7::f816:3eff:fe1c:869a,1e48cfd8
2001:67c:e60:c0c:192:42:116:213,1e4f39a8
2602:f6f6:2:ad5c::1,1e541d24
87.118.122.51,1e5d92a6
193.26.115.61,1e6327a4
2a10:1fc0:1::df12:4fa1,1ea1ab4d
195.246.231.197,1ebea202
198.58.107.53,1ee30ccf
2a10:1fc0:1::902c:9891,1ee53ad9
38.135.25.141,1ee91cb6
72.14.179.10,1eea48cc
193.189.100.196,1f274594
2a04:52c0:103:5acd::1,1f6903fa
45.80.158.27,1f93c57b
2001:67c:289c:4::131,1fabdf98
94.230.208.147,1ff077ff
2a10:1fc0:1::d3ed:ed37,1ff156eb
2a0b:f4c2:1::148,206d857a
45.84.107.17,20770764
2602:f6f6:2:3637::1,20772113
185.220.101.138,2099d791
64.94.85.248,20b32715
2a00:1dc0:caff:8b::24bd,2164a253
94.131.2.131,21d852ee
2a04:52c0:106:d219::1,21f2953b
2a12:a800:1:1:2:58:56:35,224e57a4
185.220.101.35,226d95dc
80.94.92.92,227530e0
118.193.64.139,2289c530
100.42.29.167,229da4cd
193.189.100.204,22ad21a8
82.29.128.145,22b4bb1b
107.189.8.70,22d26382
2a02:16d0:0:5::1,22e6791d
176.65.148.3,232edf4e
185.129.61.1,23360744
2a12:a800:2:1:45:141:215:21,234115b0
193.32.162.104,234ceeb0
185.220.101.165,235f5f69
171.25.193.79,236ae7f6
2a0f:df00:0:255::201,2380e44c
2001:67c:289c:2::39,2395f8f8
2620:18c:0:192::e0:147,23a3ccba
2a12:a800:2:1:45:138:16:231,23b0bd43
185.220.101.182,23b8e744
2a0c:5700:3133:1705:be24:11ff:fed0:6ed4,23c33e58
2001:67c:e60:c0c:192:42:116:181,23c55d94
23.129.64.140,23cf3b01
2.58.56.43,2410d8a8
45.141.215.97,24313158
2001:41d0:701:1100::57d3,243bd09b
2a0e:bfc0:0:14::24a8,244b0eeb
185.129.61.5,245bc35d
38.97.116.245,248abe2a
23.129.64.144,24a2ff18
2001:67c:e60:c0c:192:42:116:185,24a8998d
2620:18c:0:192::e0:143,24ce08a3
185.220.101.186,24d5235d
2a0f:df00:0:255::205,24ed2055
185.220.101.31,250051c5
2001:67c:89c:702:1ce:1ce:babe:8,257b553e
2605:6400:30:f78b::2,2586a117
2a05:b0c7:6bd4::1,258d0cfb
2a0e:97c0:3e3:460:1337:b05b:1337:6,258fe117
35.0.127.52,25a79a2a
193.189.100.200,25c0e5b1
100.42.29.163,25f060d4
45.61.188.15,2648e829
149.102.153.38,2661ce18
2a12:a800:2:1:45:141:215:200,26821cf9
2a12:a800:11:1:192:159:99:74,26ac148a
185.241.208.204,26d96ac8
2a0b:f4c2:2::58,27104a94
91.208.75.156,2712e747
91.206.26.26,2782c4db
103.164.54.199,278ae457
45.129.199.235,27914e12
192.42.116.28,27b85d5a
171.25.193.20,27c1ab17
2a12:a800:9:1:45:88:186:89,27d08f5f
185.220.100.249,27f9e629
80.241.60.207,28081ed5
2a03:4000:5:65b:388a:15ff:fedc:30d6,2818c69d
2001:41d0:f00:5600::5ad6:7567,2821f804
2a12:a800:2:1:45:80:158:69,2822215b
172.233.82.41,28445014
93.95.231.88,289e296e
23.191.200.12,28ab0b37
109.71.252.88,28ab701a
199.195.251.119,28ad8e9f
188.214.104.21,28ada367
31.184.236.104,28c78afc
2a0f:cdc6:500:11e3::2,28dbfa3e
107.189.7.168,29132b99
185.220.100.241,29226e1b
185.220.101.134,292f9bba
107.189.31.33,29360310
171.25.193.131,29434641
192.42.116.20,2963d568
178.17.174.14,2983bf28
2a0b:f4c2:2::50,29cbc2a6
2600:3c00::f03c:91ff:fe96:1cd9,29ceede5
2a12:a800:2:1:45:141:215:97,29d6694e
2a0b:f4c2:1::144,29dbc951
2a03:4000:6:614:d803:40ff:fec3:832a,29fdab3f
104.244.75.140,2a09d00f
45.138.16.107,2a0b669e
130.193.10.21,2a20ffdb
2001:67c:289c:2::35,2a23b4d3
2605:6400:30:f4ae:8f7b:cc6e:d1d7:b978,2a5bc993
2a00:16b0:1:243::7012:3117,2a6a7f98
2001:1b60:2:1:3935:104:0:1,2a72214a
45.38.20.153,2a73031d
107.189.8.226,2ad1ea12
185.220.101.169,2ae91342
45.9.148.50,2afe1058
2a0b:f4c2::2,2b49adcf
107.189.14.43,2b693685
2604:2dc0:202:300::ed3,2b996131
93.99.104.40,2bb50353
192.159.99.74,2bc1e0fb
93.123.109.116,2bd6b7a3
2a04:52c0:108:a34f::1,2bda222f
185.220.101.39,2bdbd9f7
87.118.116.12,2bfaeb9f
89.110.95.164,2c08af56
2a0b:f4c2::6,2c2469d6
72.211.49.235,2c2fe1a5
2a0d:c2c0:1:4::2,2c38dd9d
171.25.193.235,2c683c01
2a0c:5700:3133:1705:be24:11ff:fe4e:df9e,2c6e75a0
2001:67c:89c:702:1ce:1ce:babe:4,2ccd1915
2a12:a800:2:1:45:138:16:164,2ceb03d0
2001:1b60:3:239:1003:103:0:1,2cfd784a
2a09:61c0::22,2d0fda3f
23.129.64.148,2d14b333
95.128.43.164,2d22fa5c
2600:3c00::f03c:91ff:fe73:f9ba,2d27e536
45.66.35.21,2d63c28f
2a12:a800:2:1:45:138:16:239,2d6b3571
146.19.143.16,2d9877a9
198.98.57.74,2d9c5dc0
109.228.160.190,2daf7851
2a10:1fc0:1::a2d9:c960,2db7807e
185.129.61.9,2ded8f76
192.42.116.24,2e0e1171
45.129.199.239,2e270239
185.220.101.130,2e425fa3
185.220.100.245,2e4faa02
37.228.129.189,2e5af8a1
45.84.107.198,2e7ca8db
192.42.116.203,2e920424
2a0b:f4c2:2::54,2ea606bf
45.141.215.21,2ea64da6
2a0b:f4c2:1::140,2eb60d48
195.47.238.93,2ece1003
91.235.234.67,2ee39aa3
2605:6400:30:f8b5:620c:dc25:c624:aafd,2ee5fe0d
2001:67c:289c:4::77,2f01e55b
45.84.107.222,2f1b2657
185.220.101.60,2f709516
23.191.200.16,2fc6cf2e
2605:6400:10:58f:8768:8283:1a62:bdc6,2ffc3919
171.25.193.38,30011264
176.65.149.88,300fabf5
5.101.82.22,301c85eb
185.220.100.251,30395f5a
103.253.24.18,304d6440
194.87.55.98,307e6417
195.47.238.87,30b8e55b
2a0b:f4c2:1::154,30c0f810
2a0b:f4c2:2::40,30d0f3e7
192.42.116.217,30e4f17c
2a03:e600:100::6,30ffb0d1
2a02:418:6017::147,31314036
198.98.51.189,3136ff76
45.148.10.111,31526a83
2.58.56.220,3164a9d0
2a0e:97c0:3e3:460:1337:b02b:1337:3,31847851
204.137.14.106,31878e61
2a12:a800:1:1:2:58:56:93,31c21a1b
190.120.229.98,31d11d5c
31.129.22.65,32526402
179.43.159.200,32553ca4
2001:67c:6ec:203:218:33ff:fe44:5526,326d585e
198.98.62.158,32abb9d3
185.220.101.29,32c0e8b6
118.163.74.160,32c795a5
195.88.74.206,32d1a189
45.66.35.35,331537d7
80.94.92.135,3391dc1f
178.17.170.144,33aa96bd
66.220.242.222,33adaa9b
2a0d:bbc7::f816:3eff:fee6:ca14,33b604dd
185.67.82.114,33d38d99
172.104.243.155,33d752df
2a10:1fc0:1::27c8:f14,33ed68ac
185.220.101.179,33f22203
2001:67c:e60:c0c:192:42:116:199,3405e4e7
23.129.64.158,340f8272
162.220.14.78,3429d0b2
2a00:99a0:0:1000::2,345b629f
45.66.35.31,3478f3ce
45.138.16.113,347d93c6
2a00:1dc0:caff:15::45dc,34ce698f
2001:67c:6ec:203:218:33ff:fe44:5522,35009c47
91.202.5.155,35726098
2a06:1700:3:34::1,35a6523b
2a03:4000:6:e047:6494:62ff:fe3f:85b8,35fa2c7c
164.132.58.8,368a90ce
185.220.101.97,368c1c7a
185.129.62.62,36b334aa
2001:67c:e28:1::3,36b647ee
2001:67c:289c:4::80,36fd6c37
91.132.144.59,3730f8c3
198.96.155.3,373d38fc
185.246.84.179,374d3872
185.220.100.255,37549b43
2605:6400:20:482:3920:1829:1839:1293,3755f9a3
107.189.1.9,37765d28
192.42.116.213,37893565
2a03:e600:100::2,379274c8
2a0b:f4c2:1::150,37ad3c09
2a0b:f4c2:2::44,37bd37fe
195.47.238.83,37d52142
51.15.59.15,37fd7373
104.244.77.208,38387000
178.175.148.246,3843ceed
5.2.72.110,3857d2bd
23.191.200.6,38bd4c8f
185.247.184.105,38c9e87c
149.202.79.101,3907fb6f
37.228.129.63,390c1f2d
80.253.251.56,39111983
2a12:a800:11:1:124:198:131:223,39164d0a
2605:a140:2262:7686::1,39405186
104.244.72.132,3966fbf4
2001:41d0:601:1100::6f85,39926de9
176.65.149.84,39b9e7de
2a0b:f4c2::12,3a087b42
85.93.31.31,3a18cb55
185.120.16.171,3a1b79e6
2001:67c:e60:c0c:192:42:116:176,3a39d4f8
185.220.101.175,3a446e28
141.98.11.62,3a8e5665
2a12:a800:2:1:45:141:215:114,3ab257f8
2620:18c:0:192::e0:157,3ab8fdfb
23.129.64.150,3ad40a40
2001:67c:e60:c0c:192:42:116:191,3ade6cd5
185.40.4.132,3b02e7df
196.196.200.100,3b3a5689
185.220.101.25,3b76a49d
2600:3c04::f03c:95ff:fe41:d42c,3b7bc096
185.254.196.141,3c1b3e5f
185.220.101.21,3c1b6084
179.43.182.232,3c382c84
107.189.30.236,3c841ff4
93.99.104.128,3cb44237
95.163.176.177,3cd0f87d
100.42.29.173,3ceb5195
194.53.137.102,3cffd8cd
2a10:1fc0:1::c81a:ecdc,3d1e3398
2a0b:f4c2::16,3d65bf5b
176.118.193.33,3da601a5
2001:67c:e60:c0c:192:42:116:195,3db3a8cc
23.129.64.154,3db9ce59
2620:18c:0:192::e0:153,3dd539e2
2a12:a800:2:1:45:141:215:110,3ddf93e1
2a0b:f4c2:2::48,3e0b7bd5
107.189.30.49,3e1e1bac
107.189.13.180,3e3d0688
87.118.122.30,3f0005b6
91.202.5.104,3f02a44b
87.118.116.103,3f7f9827
185.40.4.22,3f870461
62.133.45.2,3fa723ec
104.244.75.74,3fcb4c6b
23.191.200.2,3fd08896
2a10:1fc0:1::b9b6:1c9a,400d36e0
104.244.79.50,40465548
185.220.100.254,4053abd5
192.42.116.212,408e05f3
2a03:e600:100::3,4095445e
2a0b:f4c2:1::151,40aa0c9f
2a0b:f4c2:2::45,40ba0768
195.47.238.82,40d211d4
98.128.173.33,40dac628
178.218.144.99,40dd9424
2a04:52c0:119:3f0b::1,41880d1f
185.220.101.96,418b2cec
165.73.242.163,418fa3ef
2605:2700:0:2:a800:ff:fe39:574,41942769
2a10:1fc0:1::3a85:fc4a,41a206a7
2001:67c:e28:1::2,41b17778
185.129.62.63,41b4043c
107.189.8.133,41e69185
2001:67c:6ec:203:218:33ff:fe44:5523,4207acd1
37.48.70.156,42415ba6
195.246.231.141,4273797a
185.106.102.102,42ccd82a
86.54.28.49,42d52358
2a0b:f4c0:16c:13::1,42f30302
209.141.40.68,42f38948
2001:67c:e60:c0c:192:42:116:198,4302d471
23.129.64.159,4308b2e4
93.95.227.37,43de9b58
45.66.35.34,44120741
185.220.101.178,44f51295
179.43.159.201,45520c32
2001:67c:6ec:203:218:33ff:fe44:5527,456a68c8
2a12:a800:9:1:193:26:115:140,4579799a
194.26.141.45,45818c9b
176.124.32.130,459c8280
2001:41d0:1008:20d1::1,45a2eab4
185.220.101.28,45c7d820
91.92.109.43,45d02fa3
185.112.144.11,45f7e50e
2a0c:5700:3133:4000:be24:11ff:fe3c:6727,46c2267d
2602:fccf:310:1::c,46faae37
171.25.193.39,470622f2
185.241.208.54,471c46fc
167.249.30.245,472a4f43
2a12:a800:2:1:45:141:215:61,472dd0b4
185.220.100.250,473e6fcc
2a12:a800:11:1:124:198:132:52,476081df
45.88.186.92,47a74008
2a0e:97c0:3e3:460:1337:b30b:1337:10,47a7ee85
195.47.238.86,47bfd5cd
2a0b:f4c2:1::155,47c7c886
2a0b:f4c2:2::41,47d7c371
192.42.116.216,47e3c1ea
2a12:a800:2:1:45:138:16:42,47ed1bf0
45.137.70.158,47fa8b5b
2a12:a800:2:1:185:241:208:92,4816d36e
2001:41d0:701:1000::5196,48b26ffc
2605:6400:30:f174:1:1:1:1,48d5d288
23.191.200.3,48d7b800
212.192.23.129,48dfa753
107.189.12.3,48ef8ebe
2a0b:f4c2:2::49,490c4b43
194.15.36.117,49f2733b
185.100.87.250,49f5c555
185.220.101.170,4a2e9aa7
2001:67c:e60:c0c:192:42:116:173,4a532077
2a12:a800:9:1:193:26:115:43,4a5cfedd
2a0b:f4c2::17,4a628fcd
185.241.208.115,4a83d546
2001:67c:e60:c0c:192:42:116:194,4ab4985a
23.129.64.155,4abefecf
2001:1b60:3:221:3132:102:0:1,4ac67a3b
45.141.215.61,4aca88a2
2620:18c:0:192::e0:152,4ad20974
2a12:a800:2:1:45:141:215:111,4ad8a377
179.43.128.16,4ae87ab9
185.220.101.20,4b1c5012
185.35.202.222,4b247f72
2a0b:f4c0:16c:6::1,4b25c480
2a0c:5700:3133:1705:be24:11ff:fe0f:9e53,4b29f1f6
5.255.118.218,4b9a8176
107.189.8.65,4ba3a64c
100.42.29.172,4bec6103
2a04:52c0:104:4735::1,4c0a2961
107.189.8.181,4c1c2962
2400:8907::f03c:95ff:fe79:8c79,4c31d333
185.220.101.24,4c71940b
2605:6400:10:75:1585:9b71:1c16:b1a1,4cdb50ac
2a0b:f4c2::13,4d0f4bd4
2001:67c:e60:c0c:192:42:116:177,4d3ee46e
185.220.101.174,4d435ebe
74.208.79.7,4d52c3d3
107.189.4.209,4da87800
146.19.143.225,4dbcd3c8
2620:18c:0:192::e0:156,4dbfcd6d
23.129.64.151,4dd33ad6
91.92.109.126,4df2abc3
204.194.29.4,4e2b2a8b
209.141.34.15,4e412875
195.160.220.104,4e447d52
107.189.5.121,4e630559
2a02:ec0:209:10::4,4e81c501
185.220.101.129,4e85d646
2400:d320:2202:5765::1,4ea26318
171.25.193.35,4eb06ed9
109.69.67.17,4eb79d8f
185.100.85.24,4ee690ed
2605:6400:30:f534:ae1d:c3d9:9941:d85e,4f6b67ac
107.189.12.7,4f824aa7
2a06:3000::30,4f9cae56
2a12:a800:2:1:185:241:208:71,4f9caf5a
23.191.200.7,4fba7c19
2a0b:f4c2:2::59,50177a02
45.84.107.172,502a6c4b
2a01:7e00::f03c:91ff:fe78:b382,50300b61
2a0b:f4c0:16c:10::1,5046acec
206.166.251.193,507ccacd
46.253.4.208,50916e34
88.80.26.4,50cb9178
193.109.120.230,50f2578d
185.220.100.248,50fed6bf
2a12:a800:2:1:185:241:208:82,510de22f
198.98.61.60,51218d94
162.210.173.17,518f5b13
2a10:c800:1:9cc6::1,51d6ec3c
185.220.101.30,52076153
185.40.4.127,52732211
2001:67c:89c:702:1ce:1ce:babe:9,527c65a8
2a06:1700:0:3c::1,52947fbd
193.189.100.201,52c7d527
2a0c:5700:3133:650:b0ea:eeff:fedb:1f7b,52f5de47
100.42.29.162,52f75042
185.220.101.160,5335abe6
2a10:1fc0:1::a187:7bdf,5344f79d
103.193.179.233,534babe1
185.129.61.4,535cf3cb
38.97.116.244,538d8ebc
23.129.64.145,53a5cf8e
2001:67c:e60:c0c:192:42:116:184,53afa91b
185.107.57.66,53ba0671
2620:18c:0:192::e0:142,53c93835
2604:a00:101:4:216:3eff:fe2f:20c3,53cec881
185.220.101.187,53d213cb
2a0f:df00:0:255::204,53ea10c3
2a12:a800:11:1:124:198:132:13,540b744d
195.80.151.242,541a4e37
2a00:1dc0:caff:44::326d,5428e816
185.220.101.164,54586fff
5.255.118.151,546c428f
171.25.193.78,546dd760
2a0f:df00:0:255::200,5487d4da
2001:67c:289c:2::38,5492c86e
2620:18c:0:192::e0:146,54a4fc2c
2a12:a800:2:1:45:138:16:230,54b78dd5
185.220.101.183,54bfd7d2
2001:67c:e60:c0c:192:42:116:180,54c26d02
23.129.64.141,54c80b97
93.123.12.112,54fac81b
209.141.46.203,550763c4
2a0d:bbc7::f816:3eff:fe0b:181b,5525aefb
2001:41d0:304:200::3348,553ee92b
185.191.239.172,555551cc
2a05:b0c7:6388::1,556a4adb
185.220.101.34,556aa54a
109.169.33.163,558cd33b
100.42.29.166,559a945b
193.189.100.205,55aa113e
5.255.115.58,55c8b785
87.118.110.27,55d6130f
2a0d:bbc7::f816:3eff:fef2:6521,55ee82e6
176.124.32.171,56f77712
66.146.193.33,573b15da
2a04:52c0:104:ad97::1,57444502
2a0b:f4c2:1::149,576ab5ec
185.246.188.73,576f81ab
91.208.75.153,577813c8
45.141.215.28,577af502
185.220.101.139,579ee707
171.25.193.25,57ab5f98
193.109.120.59,57d8bebf
93.99.104.18,58197f24
124.198.131.108,585bca0c
185.220.101.61,5877a580
2a04:52c0:101:46a::,5894059b
23.191.200.17,58c1ffb8
2605:6400:30:f174::,590b7052
152.53.53.243,592b4e1a
185.220.101.131,59456f35
185.220.100.244,59489a94
162.210.173.5,595c9d39
57.129.91.235,5961e792
2a0b:f4c0:16c:5::1,59906b6e
192.42.116.202,599534b2
2a0b:f4c2:2::55,59a13629
2a0a:4cc0:40:91b:7425:2eff:fec8:5578,59a5875c
2a0b:f4c2:1::141,59b13dde
95.143.193.125,59b65329
2605:aa80:0:9::3,59c5b88e
195.47.238.92,59c92095
23.129.64.149,5a1383a5
95.168.173.143,5a257e0a
45.66.35.20,5a64f219
185.123.53.217,5a9a0f89
2a12:a800:2:1:45:141:215:28,5a9dad14
23.155.8.104,5aa6711a
2c0f:6c0:0:d::d28b,5abe5d0e
185.129.61.8,5aeabfe0
2a0b:f4c2::7,5b235940
54.36.108.162,5b448c40
2602:fccf:100:3::14,5b5c0037
171.25.193.234,5b6f0c97
2001:67c:89c:702:1ce:1ce:babe:5,5bca2983
2a06:1700:0:12::1,5be5441a
2a0b:f4c2::3,5c4e9d59
5.255.110.120,5c5aaf1f
2a0c:5cc0:1:1::293c:1518,5c95c130
2001:67c:89c:702:1ce:1ce:babe:1,5ca7ed9a
185.220.101.38,5cdce961
57.128.220.107,5ce30af5
2a05:b0c7:6cc4::1,5cf1034e
45.84.107.47,5d00f321
54.36.101.21,5d09a441
5.255.98.151,5d35dbee
193.26.115.140,5d463937
2001:41d0:601:1100::71bb,5d864330
2605:6400:30:f38b:28b3:cd24:51f3:e412,5dab4ced
45.138.16.69,5dba5489
212.73.134.204,5dd03a1a
185.220.101.168,5dee23d4
185.220.100.240,5e255e8d
185.220.101.135,5e28ab2c
104.244.79.44,5e30a010
45.11.59.28,5e4b07a4
2a04:52c0:106:394:e813:c39a:9eb9:d95b,5e6acc14
31.44.238.25,5e7644ba
2a0b:f4c2:2::51,5eccf230
2a0b:f4c2:1::145,5edcf9c7
5.255.99.124,5f7e9016
23.191.200.13,5fac3ba1
185.154.110.142,5fe37e29
185.123.53.42,5fe914d3
2a03:4000:46:197:b434:d3ff:fe68:d9e1,6000f91b
2605:6400:30:f060:be62:b857:b818:9144,600dfacb
185.220.101.10,603103d1
2a11:6100:0:12:a236:9fff:fe9e:36ea,603a4e6c
2001:41d0:805:d300::2b19:1929,6089d4df
93.123.109.44,609a4160
212.38.189.186,60a865b2
2a11:6100:0:1467::,60aa17b2
96.9.125.48,60b77252
2a12:a800:11:1:124:198:132:237,60c0c282
185.220.101.3,60e915a5
185.220.101.140,6103c964
2a0b:f4c2::27,614fdc0e
23.129.64.165,6193ad0c
2a09:61c0::beef,61a4421e
216.9.224.232,61a90184
84.19.182.20,61b24b3c
2a05:b0c7:67c6::1,61e78124
2a0b:f4c2:1::130,61f79b8f
2620:18c:0:192::e0:162,61ff5ab7
23.129.64.138,625525f4
2605:6400:30:f174:4:3:2:1,626b1016
2a10:1fc0:1::9862:7394,627db270
46.234.47.105,62aec30d
107.189.7.141,62f9f1bf
2605:6400:20:c26:5163:253e:1ef6:d887,6315788d
192.42.116.194,63729497
2a10:1fc0:1::9a61:242e,6389762d
192.42.116.173,63952cba
2a0b:f4c2:4::109,63cbe15b
62.182.84.146,63fe4f75
65.38.121.230,640e9f39
185.220.101.49,649a4f30
194.26.141.24,64dc1b8b
192.42.116.177,64f8e8a3
2605:6400:10:1008:1111:1111:1111:1111,650345eb
5.104.84.183,653304f9
193.239.232.102,65369c61
2a0b:f4c2:1::169,655cd76e
2a0f:85c1:356:3238::1,659ed7bf
176.97.114.202,65dc9ee2
188.68.49.235,6602cf15
2a0b:f4c2::23,66221817
185.220.101.144,666e0d7d
2a10:1fc0:1::709e:5af4,668b493f
2620:18c:0:192::e0:166,66929eae
2a0b:f4c2:1::134,669a5f96
2a0e:4005:1002:ffff:185:40:4:149,66d7d3ec
92.243.24.163,66e067a2
23.129.64.161,66fe6915
100.42.28.66,6725f505
185.220.101.14,675cc7c8
2a0e:97c0:3e3:460:1337:b10b:1337:8,6762e261
185.220.101.7,6784d1bc
2a12:a800:2:1:185:241:208:204,6797ccd7
2a0b:f4c0:16c:15::1,67985cde
45.95.169.104,67d87db8
45.83.104.137,67ed4ad9
193.189.100.197,68207502
185.225.69.187,6862d212
2400:8905::f03c:95ff:fe67:ec03,68efd8d1
195.176.3.23,690b6df8
91.208.75.4,691e8b4f
2001:67c:6ec:203:218:33ff:fe44:5513,692aff12
2001:67c:e60:c0c:192:42:116:212,6948093e
185.165.169.239,696f72b6
177.149.145.208,69747f7d
2a0d:bbc7::f816:3eff:fe12:1851,69d268f2
45.138.16.222,6a114eca
185.14.31.113,6a3ef803
185.220.101.41,6a41c702
185.246.188.116,6a5071c5
194.15.115.212,6a5b7c4e
38.135.24.30,6a636f7b
162.216.18.62,6a6e858c
154.26.159.157,6a7a62b6
2a0b:f4c2:4::105,6a7dad70
194.26.192.77,6a87d52b
164.132.172.209,6a8be949
2602:f6f6:2:941d::1,6ab72c7a
192.42.116.198,6ac4d8bc
2a00:1b88:4::4,6aec0d15
2a03:e600:100::71,6b23c304
193.109.120.71,6b35540f
2a0b:f4c2:1::186,6b60e771
2c0f:6c0:0:2::6983,6b86c829
2620:18c:0:192::e0:133,6b8f9e64
2a12:a800:2:1:45:138:16:76,6bad8c2a
45.145.166.146,6bb39161
2a12:a800:1:1:2:58:56:220,6bc10a77
23.129.64.134,6be369df
2a0b:f4c2:1::182,6c0d2368
107.189.3.94,6c3d0d14
23.129.64.130,6c8eadc6
2620:18c:0:192::e0:137,6ce25a7d
2a0b:f4c2:1::165,6cea9b45
46.246.92.35,6cfc18f1
89.147.111.87,6d03181d
2a0b:f4c2:4::101,6d106969
185.220.101.45,6d2c031b
146.19.143.119,6d617279
2605:a142:2263:1906::1,6da34d46
2607:fa18:3:beef:f001:c0de:feed:ba5e,6dd76c2e
2001:620:20d0::24,6dfe7596
2001:67c:e60:c0c:192:42:116:216,6e25cd27
2001:67c:6ec:203:218:33ff:fe44:5517,6e473b0b
2605:6400:30:f1fa:f57f:d285:3ed9:ee27,6e483842
2a0f:df00:0:255::196,6e6074ff
38.135.25.144,6e83e839
194.26.141.75,6eacdf58
2a07:e042:1:182::1,6ec3d6ad
144.208.79.169,6ee9c9fd
185.220.101.18,6eea8be3
2a0b:f4c2:1::138,6f2c13bd
2a04:52c0:123:5ccf:50ef:cafe:babe:1337,6f3024f9
2a07:e03:2a::bcde,6f7cd70c
185.220.101.148,6fd84156
2a10:1fc0:1::c5e5:1656,70271ccc
2a03:4000:62:8:c855:23ff:fef6:50ee,70403c77
2001:67c:e60:c0c:192:42:116:202,7053387f
185.56.83.83,7072bd28
2a10:1fc0:1::9c89:5f8,70827f8b
185.154.110.17,70950097
2400:8901::f03c:95ff:fe89:4a88,7145bed5
45.66.35.10,7149a1da
2a0b:f4c2:2::38,714aed12
176.65.148.133,71704c57
104.244.78.232,71905d0c
2605:6400:30:f5a3:5bb1:af4e:c969:c73e,7191f6a7
204.85.191.9,719ad07e
171.25.193.40,719b0c91
185.183.157.214,719fe97f
192.42.116.15,72247224
185.220.101.101,72683cf6
173.0.3.111,728f6362
185.220.101.51,735af643
66.94.111.228,73d2e5c9
2a10:1fc0:1::1c97:5209,73d47bea
2a0b:f4c2:4::99,73e2c0ae
23.191.200.27,73ecac7b
185.220.101.55,7437325a
23.191.200.23,74816862
2a04:52c0:102:46e0::1,74c14917
2a0c:5700:3133:507:c217:cfff:fe09:cd2d,74d05720
185.220.101.105,7505f8ef
131.72.79.38,7519ce8e
72.235.129.116,7529ee18
2a0b:f4c0:16c:16::1,752df330
2a03:e600:100::65,7555365c
104.167.242.117,756ee6d8
23.137.253.254,75713f82
2600:3c0b::f03c:95ff:fefa:bdff,759d1e4a
2a0b:f4c2:2::61,75e1a1f3
2a0b:f4c2:1::175,75f1aa04
2a12:a800:11:1:124:198:131:253,7657dbcd
2a12:a800:11:1:124:198:132:172,76804d50
43.160.194.14,76d83918
135.125.239.70,76f58e02
176.58.89.182,777975ed
71.19.144.106,77a19d7f
216.73.159.75,77a536dd
64.190.76.3,77a95f6a
95.211.174.137,77b43be7
185.220.101.150,7818f825
45.129.199.70,781b6d9d
102.130.127.117,7892e978
45.13.225.69,78b5eaa3
2605:6400:30:f7ca::2,78f0f023
2a0b:f4c2:2::34,78fca139
109.70.100.66,79474558
107.189.6.124,79a98b06
45.95.169.110,79ae88e0
45.129.199.159,7a3b1be6
192.42.116.184,7a69a5d6
109.70.100.4,7a99ed35
176.124.32.145,7ab7e0c8
98.71.178.101,7b28730d
2a0e:4005:1002:ffff:185:40:4:100,7b67ae4c
82.221.139.190,7b759c44
192.42.116.19,7b923e0f
80.82.78.14,7c38747c
2a0b:f4c2:1::179,7c47e62f
2a07:e042:1:181::1,7c767943
2605:6400:30:f174:1:2:3:4,7c9b88b9
185.220.101.109,7cb3b4c4
2605:6400:30:f7c0:8511:b113:ca11:9baa,7ccfa744
2a03:e600:100::69,7ce37a77
2a0b:f4c0:16c:3::1,7cfb34b2
192.42.116.180,7d0461cf
185.220.101.59,7d817e71
2a06:3000::10,7daaccd4
37.114.50.124,7df4471e
2a10:1fc0:1::a04e:42ef,7e1a8494
185.100.87.174,7ee8dd97
2a12:a800:11:1:124:198:131:62,7ef87df2
2a0e:97c0:3e3:460:1337:b01b:1337:2,7f0e7402
185.220.101.154,7f753c3c
179.43.159.197,7fb5ac17
209.141.51.180,7fed099a
205.185.121.177,7ff169c7
2001:67c:e60:c0c:192:42:116:214,802bac0b
185.220.101.9,803cfcbb
82.153.138.125,8043cd4e
2001:67c:6ec:203:218:33ff:fe44:5515,80495a27
2a0f:df00:0:255::194,806e15d3
100.42.28.68,809dd802
185.40.4.44,80be06d2
104.244.74.97,80fd573a
178.175.137.223,81263a8d
80.94.92.106,81b5de66
5.8.18.30,81c6112a
2a0b:f4c2:1::180,82034244
108.61.189.136,8216d559
2.58.56.35,8232eb5a
2605:6400:10:253:2085:7b82:89a7:2145,823a3ea5
23.129.64.132,8280ccea
2a01:7e00::f03c:91ff:fe56:2656,82a00c25
185.241.208.81,82d8cc3e
51.38.225.46,82dc9e8d
2a0b:f4c2:1::167,82e4fa69
2620:18c:0:192::e0:135,82ec3b51
2a0b:f4c2:4::103,831e0845
185.220.101.47,83226237
192.42.116.179,8340c5a4
185.40.4.150,83562175
2605:6400:30:f805:1e96:b223:fbe5:cfac,83596c77
2a00:1b88:4::2,838fa820
23.191.200.31,8394380f
178.17.171.102,83c5df3c
2407:3641:2259:8208::1,83f90894
185.220.101.43,844fa62e
2a12:a800:1:1:2:58:56:43,846c6456
38.135.24.32,846d0e57
2a0b:f4c2:4::107,8473cc5c
5.255.127.222,84a6ded4
2a0d:bbc7::f816:3eff:fe18:f410,84e27079
2605:6400:20:be7::1,853ebb8e
185.129.61.10,85496caf
2a0b:f4c2:1::184,856e865d
2620:18c:0:192::e0:131,8581ff48
2a0b:f4c2:1::163,85893e70
23.129.64.136,85ed08f3
193.189.100.195,862e142e
172.104.182.84,8638396b
45.84.107.101,8662ab36
23.184.48.78,86dbb49c
2a0b:f4c2::29,86f7f109
2a12:a800:1:1:45:154:98:33,87035652
72.5.43.62,874465a2
2001:67c:e60:c0c:192:42:116:210,87466812
5.2.79.190,875e69a4
185.246.188.149,87989811
2a04:52c0:116:e0e3::1,87a1ddd5
2602:f6f6:2:90f1::1,87c68227
38.135.25.142,87e04d0c
2a0b:f4c2::21,882c793b
5.255.98.198,885c2c46
185.220.101.146,88606c51
2620:18c:0:192::e0:164,889cff82
23.129.64.163,88f00839
91.203.145.116,88fc1bc3
185.40.4.101,8926e5a6
185.100.85.132,8927eec6
100.42.28.64,892b9429
109.70.100.70,893fd12c
185.220.101.16,8952a6e4
185.220.101.5,898ab090
2a12:a800:2:1:185:241:208:206,8999adfb
2001:67c:e60:c0c:192:42:116:218,899de020
104.167.241.4,89adc80e
2602:2e5::104,89bb8a08
2a05:b0c7:6949::1,89bde3d9
2a0f:df00:0:255::198,89d859f8
2a02:898:218::1,89e4749e
104.244.73.193,89ee0a58
185.100.87.166,89fd8dfa
2001:67c:6ec:203:218:33ff:fe44:5519,89ff160c
192.42.116.192,8a1131a2
2605:6400:30:f57d:916e:73f8:d5e7:675b,8a3fd5ac
146.19.254.163,8a611888
193.36.132.21,8a639d3a
2a10:1fc0:1::736f:432a,8a8aec0b
46.250.243.29,8a8e6816
2a07:6d80:1e01:3a13::,8ab350a7
2a06:1700:4:14::1,8ac13fd5
216.239.90.19,8adf28ba
192.42.116.175,8af6898f
2a0e:4005:1002:ffff:185:40:4:29,8b1e79bb
154.41.95.1,8b39d09c
123.253.35.32,8b493f96
2620:18c:0:192::e0:139,8b5a777a
2a0f:85c1:356:5c50::1,8b68e498
2605:6400:10:984:41e7:4ad6:a11e:cdcc,8b7cee2b
109.237.27.11,8bab061a
158.174.210.51,8c7b5b1e
2001:0:d911:c0d9:1cd3:68d9:a41c:8d66,8cba75e7
2a0b:f4c2:1::188,8cd8ca76
2402:1f00:8000:239::,8ce3b5e6
172.105.174.195,8d45bdb3
2400:d320:2261:6860::1,8d5177e0
192.42.116.196,8d7cf5bb
5.255.101.10,8d7d4454
2605:6400:20:3ea:c2a3:1162:7224:e5df,8de970ef
93.95.231.118,8e3105a3
185.220.101.12,8e3f62fd
62.171.137.169,8e517e8b
2a04:52c0:126:3ab8::1,8e603a18
173.255.198.243,8e692023
107.189.10.175,8e6f9418
185.123.53.164,8e9476ad
107.189.13.254,8eb80285
45.95.169.102,8ebbd88d
198.251.89.96,8ee1afcf
185.220.101.1,8ee77489
2a12:a800:2:1:185:241:208:202,8ef469e2
185.220.101.142,8f0da848
2a0b:f4c2::25,8f41bd22
94.230.208.148,8f4f6a6e
193.189.100.199,8f985805
2620:18c:0:192::e0:160,8ff13b9b
2a0b:f4c2:1::132,8ff9faa3
198.251.84.163,9004251c
83.147.17.190,900b02ba
5.255.99.147,902d662a
89.147.110.154,905a0444
185.170.114.25,90688353
2001:67c:e60:c0c:192:42:116:208,9086d161
162.19.7.11,90898ae3
2605:6400:30:f174:42:42:42:0,90a14144
2a04:9dc0:31::c0cc:4d,90a733c5
107.189.1.111,90cef05a
2a0e:97c0:3ea:882::1,90e238a9
5.255.98.23,90e46a1b
194.26.141.109,91239a6b
2a0b:f4c2::31,9137487a
2001:4b20:12:f001::105,9178fe93
185.220.101.156,917b5d10
185.246.189.99,9185225e
2a0b:f4c2:2::32,919f040c
179.43.159.195,91bbcd3b
2.58.56.93,91bea6e5
2a0e:4005:1002:ffff:185:40:4:64,91c3c002
2a12:a800:9:1:193:26:115:82,91ee8147
5.255.97.221,926264a1
209.141.45.81,9272ec50
2605:6400:30:f08c:45b7:4a99:a154:694e,92a39593
212.95.50.77,92eaf67f
192.42.116.182,930a00e3
91.219.236.91,9348d61b
91.203.144.194,934bd957
2a03:4000:37:3:e842:2ff:feb9:c49c,93932e22
149.56.44.47,93ab91cc
109.70.100.2,93fa4800
2a10:1fc0:1::145a:4f4d,93ff09ef
2a00:1dc0:caff:12c::4d3a,943bcfb6
23.191.200.29,9454817c
2a0b:f4c2:4::97,945aeda9
192.42.116.186,9467c4fa
109.70.100.6,94978c19
2602:f6f6:2:2634::1,94b58549
45.9.156.101,95230d79
104.244.72.115,95340cd5
2605:6400:30:f77f:f41c:2bce:7d61:2e06,956bc7cb
37.221.208.71,95be12c0
2a10:1fc0:1::b989:f19b,9615aeb3
185.220.101.152,96169909
45.83.31.79,961f143a
204.85.191.7,9622fd79
2a12:a800:9:1:193:26:115:61,9664fd73
172.232.209.254,9678222f
172.234.230.113,96a8a584
2605:6400:30:edc3::34,96d3c399
2a0b:f4c2:2::36,96f2c015
162.251.5.152,9726acf5
107.189.31.187,97516140
100.42.28.70,975d6171
185.123.53.174,978f47ec
179.43.159.199,980d8110
152.53.106.19,98294ee3
88.151.192.2,984513c8
2602:fc24:18:f38f::1,98c620d9
2001:41d0:a:5c0::1,99071d96
209.141.32.181,9913a0c1
2a02:c204:2263:5153::1,9917cc94
2602:fa8a:3:a::a,99493d36
46.165.243.36,9970cd64
37.228.129.5,99cfce4c
195.47.238.177,99e74194
2a10:1fc0:1::2acd:670c,9a03591d
185.220.101.57,9a395376
205.185.113.180,9a59c165
209.141.45.141,9a830365
23.191.200.21,9a8f094e
5.255.120.205,9ad4f5e5
185.220.101.107,9b0b99c3
2a01:4f8:121:4484::2,9b0d7d6b
2a0b:f4c2:1::190,9b187305
185.241.208.185,9b416e0f
192.42.116.13,9b47d711
2a03:e600:100::67,9b5b5770
152.32.206.127,9b5d775c
2.56.10.36,9bef38a1
2a0b:f4c2:2::63,9befc0df
192.42.116.17,9c2a1308
45.80.158.69,9c472d78
185.220.101.103,9c665dda
2605:6400:20:2417::69,9c6b88f5
2a0b:f4c2:1::173,9c920f31
2620:7:6001::120,9ca5692c
2a02:c204:2261:2270::1,9ca754bc
45.138.16.230,9d041ea7
185.220.101.53,9d54976f
2a10:1fc0:1::cae0:9c9,9d91c543
124.198.131.62,9da39ac8
85.93.218.204,9db30005
23.191.200.25,9de2cd57
107.189.8.16,9deb6131
2001:67c:e60:c0c:192:42:116:200,9e5d5953
2a00:fbe4:1ab:ffff::133,9e8355f1
185.104.120.40,9eb15eee
2a12:a800:11:1:124:198:131:108,9eb44859
109.70.100.68,9eff685f
194.15.112.133,9f0c4c13
2a06:d380:0:103::63,9f195328
2a06:1700:0:50::11,9fb4e2ff
198.98.51.249,9fc50e23
2a01:270:9847::1,9ff0fa44
195.47.238.88,a007f8ca
192.42.116.218,a05beced
2a12:a800:2:1:45:141:215:88,a072459e
2401:c080:2000:111f:5400:4ff:fea3:9c02,a0ae09fc
176.65.149.87,a0b0b664
171.25.193.37,a0be0ff5
188.239.191.25,a0fdc86a
109.71.252.97,a10f5cca
84.239.46.144,a1212d9a
2a02:418:6017::148,a18e5da7
23.191.200.5,a1b41d35
2001:1b60:3:221:701:102:0:1,a23869f8
202.182.99.129,a24582f7
185.220.101.26,a27ff527
100.42.29.174,a28fc436
45.129.199.122,a2a854a9
2a0b:f4c2::11,a3012af8
2001:67c:e60:c0c:192:42:116:175,a3308542
2001:638:301:f732::150,a33bd14a
185.220.101.176,a34d3f92
45.141.215.80,a34e95ba
136.244.111.163,a3605f91
2a12:a800:2:1:45:138:16:222,a3a2ddb8
185.220.101.191,a3aa87bf
5.255.114.171,a3aacd0c
2620:18c:0:192::e0:154,a3b1ac41
37.228.129.128,a3b220bd
2001:67c:e60:c0c:192:42:116:192,a3d73d6f
23.129.64.153,a3dd5bfa
2a0e:4005:1002:ffff:185:40:4:44,a3f5a280
185.220.101.172,a420fb8b
2a03:4000:48:4d:88c8:8eff:fee8:9d1a,a4399cd5
124.198.132.52,a43b66e5
2a0b:f4c2::15,a46ceee1
185.120.16.176,a47fec45
23.129.64.157,a4b09fe3
2001:67c:e60:c0c:192:42:116:196,a4baf976
45.141.215.63,a4c4e98e
2620:18c:0:192::e0:150,a4dc6858
185.220.101.22,a512313e
80.67.167.81,a586d10a
185.225.69.203,a590225a
172.234.228.174,a5ba0fc5
89.147.110.82,a5d58bf7
100.42.29.170,a5e2002f
124.198.132.237,a62f40d7
185.220.101.98,a63301eb
2001:41d0:700:10a2::,a64eee19
180.150.226.99,a74289d0
57.128.212.103,a7daef22
37.114.50.27,a7f478d1
146.19.143.54,a7fad381
23.191.200.9,a802511e
5.253.247.27,a8240001
38.242.254.131,a8486820
91.227.114.153,a84e137a
185.193.52.180,a84f2857
185.40.4.29,a855dde9
107.189.1.160,a888560b
204.137.14.105,a88edfdb
2001:67c:e28:1::4,a8d2d24d
2a12:a800:9:1:45:88:186:92,a9196796
2a12:a800:2:1:45:141:215:63,a923b198
185.220.100.252,a9300ee0
104.219.236.100,a96872a8
195.47.238.84,a9b1b4e1
81.17.28.95,a9b31e20
188.68.41.191,a9b6161e
2a10:1fc0:1::91c7:7465,a9c2c424
2a0b:f4c2:1::157,a9c9a9aa
2a0b:f4c2:2::43,a9d9a25d
192.42.116.214,a9eda0c6
2a03:e600:100::5,a9f6e16b
2620:18c:0:192::e0:158,aa07e06a
2605:6400:30:e948:4cee:191b:1e55:25b3,aa0f5c50
89.147.108.90,aa14dac5
45.84.107.55,aa15a34c
2001:67c:e60:c0c:192:42:116:179,aa86c969
2a03:4000:27:6f8:e466:27ff:fe82:1b2a,aa958666
2605:6400:30:ea86:59b6:d4c6:5192:1a19,aaacc784
38.135.25.2,aae0a3a6
102.211.56.200,ab019e42
152.53.184.161,ab4cb8f9
2a10:1fc0:1::4953:f0d1,aba49d89
2a12:a800:2:1:45:80:158:27,abf6c958
2a0b:f4c0:16c:8::1,abfab3b3
2a0e:97c0:3e3:460:1337:b04b:1337:5,abfda4ee
5.181.80.107,ac3f4054
2602:fc24:10:bb36::1,ac5e4333
193.105.134.155,ac6c3cac
2a12:a800:2:1:45:80:158:23,ac9b0d41
2a0d:bbc7::f816:3eff:fe72:95b6,acf0b844
91.149.243.111,ad172db8
45.66.35.32,ad71a274
45.141.215.88,ad951d88
2a0e:1d80:13:b6d5::1,adb74938
2a0b:f4c2::19,addaa2ca
204.8.156.142,ae31b1b2
2a0c:5700:3133:1705:be24:11ff:fe87:1bec,ae3f5609
2605:6400:30:f753:891d:ee77:e97c:741a,ae602ec6
192.42.116.210,ae8064df
2a03:e600:100::1,ae9b2572
2a0b:f4c2:1::153,aea46db3
2a12:a800:2:1:45:141:215:80,aea9cdac
2a0b:f4c2:2::47,aeb46644
5.45.104.176,aec1211b
91.235.234.74,aef1fa58
104.244.73.43,afe9d5d7
2605:6400:30:f920:f523:28ef:3617:8b86,b008e8f6
185.220.101.137,b026ca00
185.220.100.242,b02b3fa1
162.210.173.3,b03f380c
192.42.116.23,b06a84d2
124.198.132.172,b06fcf05
124.198.131.253,b0b85998
2a0b:f4c2:2::53,b0c2931c
77.48.28.204,b0c5919b
89.147.109.58,b0c67a9e
2a0b:f4c2:1::147,b0d298eb
45.133.74.53,b10c8785
102.130.117.167,b1470d11
146.103.43.17,b1591154
2803:cd80:2000:10::db8f:5f60,b1659f8a
23.137.248.100,b1a15333
23.191.200.11,b1a25a8d
100.42.29.168,b222b95c
2a0b:f4c2::1,b240fc75
146.19.143.181,b2784102
2605:6400:30:f503::1,b28672a0
185.40.4.64,b2886450
176.124.32.122,b289d2ed
198.98.48.33,b2973481
2001:67c:89c:702:1ce:1ce:babe:3,b2a98cb6
94.72.104.135,b31a482a
2620:18c:0:192::e0:148,b31cd12b
2001:67c:289c:2::36,b32ae569
2001:41d0:304:200::9dce,b350d7a0
2600:3c00::f03c:95ff:fe5d:8f00,b359e96e
2a09:61c0::21,b4068b85
2a10:1fc0:1::7028:40e3,b417e36e
217.12.221.131,b4437653
185.220.101.189,b46a3ecc
45.66.35.22,b46a9335
209.141.51.30,b483bbea
2605:6400:30:f174:cafe::,b4c563cb
2a0b:f4c2::5,b52d386c
2607:5300:205:200::4894,b5686fc0
27.255.75.198,b579cf91
185.247.184.33,b57ffb89
2a03:4000:1d:b7a:782f:17ff:fef0:a708,b5a3be65
80.94.92.99,b5a7e968
2001:67c:289c::20,b5abc0d3
2001:67c:89c:702:1ce:1ce:babe:7,b5c448af
2a06:1700:0:12::3,b5eb2536
45.80.158.167,b62afeeb
185.220.101.63,b679c4ac
2a10:1fc0:1::a8af:1603,b69c7f1b
23.191.200.15,b6cf9e94
200.122.181.2,b6d99642
192.42.116.27,b70740cb
84.16.224.227,b70de546
103.20.241.102,b70ec393
185.220.100.246,b746fbb8
51.81.222.62,b74a8559
185.220.101.133,b74b0e19
124.198.132.13,b7509377
192.42.116.200,b79b559e
107.189.2.108,b7a9036f
2a0b:f4c2:2::57,b7af5705
2a12:a800:2:1:45:141:215:90,b7b2fced
2001:df7:7400:c10d:216:3eff:fecd:511a,b7b884c0
2a0b:f4c2:1::143,b7bf5cf2
195.47.238.90,b7c741b9
2a0c:5700:3133:1705:be24:11ff:fed1:b9d9,b7e7de61
146.59.231.4,b821389d
51.222.142.67,b838cf60
2a03:4000:27:36:c813:6dff:fe0e:b93e,b8615280
2a0e:97c0:3e3:460:1337:b03b:1337:4,b89bf9b1
185.112.146.167,b8c355c7
67.219.109.141,b9135fb9
192.42.116.208,b940ddac
45.84.107.174,b949c97e
80.67.172.162,b989205f
88.80.26.2,b9a8344d
94.142.244.16,b9b54821
2605:6400:20:ff9::1,b9d0f47b
172.81.132.94,b9d22b64
178.218.144.64,b9f4f456
2a0d:bbc7::f816:3eff:fe77:3729,ba005d38
5.196.95.34,ba3b2533
82.221.131.5,ba3db50e
185.231.102.51,ba3e4d70
185.129.61.2,ba3f56fe
45.141.215.90,ba55a4fb
185.220.101.166,ba560ed3
2a0f:df00:0:255::202,ba89b5f6
2a0c:5700:3133:1705:be24:11ff:fe58:9714,baa51daf
2620:18c:0:192::e0:144,baaa9d00
205.185.117.149,bab0900d
23.129.64.143,bac66abb
2001:67c:e60:c0c:192:42:116:182,bacc0c2e
38.97.116.242,baee2b89
185.40.4.121,bb108724
193.32.162.96,bb5950d8
185.220.101.36,bb64c466
2a0a:4cc0:c1:12a1:58f9:e7ff:fe0b:b0f1,bb7cf811
5.255.103.235,bb917dfd
100.42.29.164,bb94f577
2001:67c:289c:2::234,bbde7653
2a0e:e701:1198::1,bbf48fbe
185.220.101.32,bc09007f
2605:6400:30:f174:1111:2222:3333:4444,bc4e48e1
2a0b:f4c2::9,bc9b7447
193.189.100.203,bcc9b40b
2a0d:bbc7::f816:3eff:fec7:9bc8,bcf7c020
5.255.104.202,bcf8678d
100.42.29.160,bcf9316e
2a06:1700:3:19::1,bd0cd986
185.220.101.162,bd3bcaca
185.129.61.6,bd5292e7
37.187.5.192,bd7190c2
2001:67c:e60:c0c:192:42:116:186,bda1c837
23.129.64.147,bdabaea2
185.107.57.64,bdb4675d
2620:18c:0:192::e0:140,bdc75919
2605:6400:30:f82f:7de1:3de3:8947:bc6a,bdd7e1df
185.220.101.185,bddc72e7
2a0f:df00:0:255::206,bde471ef
45.141.215.111,be01f17e
2605:6400:30:ebb6:532:acc:65:31,be255341
2a0e:4005:1002:ffff:185:40:4:132,be449ca3
2001:b011:4006:545c::b,beba7a6d
104.244.76.237,beca17e2
2400:8901::f03c:94ff:fe7f:59f6,bed0e82b
2a0c:9a40:8860:51::aa11,bee9545f
24.240.72.170,bf047eea
78.142.18.219,bf1a66c1
2a03:4000:1e:81:c835:7dff:fe90:3ed5,bf2341fa
23.191.200.19,bf79d2bf
2001:67c:289c:4::78,bfbef8ca
192.42.116.26,c000705d
205.185.124.176,c016d621
185.220.100.247,c041cb2e
185.220.101.132,c04c3e8f
162.210.173.6,c055cc83
93.185.165.211,c0657b06
107.189.1.228,c079a564
85.239.41.130,c088ef3b
192.42.116.201,c09c6508
2a0b:f4c2:2::56,c0a86793
2a0b:f4c2:1::142,c0b86c64
204.137.14.92,c0bd159a
195.47.238.91,c0c0712f
185.247.226.95,c0de14b2
107.174.146.25,c0f387a0
2a02:c204:2195:2012::1,c123a41c
185.220.101.62,c17ef43a
172.81.131.139,c193ad40
185.207.107.130,c19617f7
95.211.244.28,c1aa8325
23.191.200.14,c1c8ae02
193.109.120.8,c1d096d6
2a12:a800:11:1:192:159:99:168,c1f08f09
107.189.1.175,c1f993c5
2a0b:f4c2::4,c22a08fa
193.26.115.43,c25b240a
209.141.58.254,c2786fe6
2a10:1fc0:1::c89d:565d,c282f603
125.253.56.119,c28da34b
2001:67c:89c:702:1ce:1ce:babe:6,c2c37839
37.114.50.142,c2cd45ad
185.100.87.41,c2df0b6f
2a06:1700:0:12::2,c2ec15a0
45.134.225.36,c2f8f039
2a10:1fc0:1::a06f:421,c2fc177b
2a09:61c0::20,c301bb13
31.220.75.237,c3459b1b
185.220.101.188,c36d0e5a
2a03:4000:21:8a8:dead:beef:ca1f:1337,c372cc0f
2a05:541:110:3e::1,c3a1b0de
2a06:1700:0:47::166,c4168cb0
2620:18c:0:192::e0:149,c41be1bd
2001:67c:289c:2::37,c42dd5ff
2a0b:f4c0:16c:2::1,c44753d7
103.28.52.93,c462ccfb
5.255.101.131,c47a54dd
2a10:1fc0:1::d3f0:7036,c4b07744
192.108.48.150,c4ca0719
171.25.193.77,c4d2caf1
100.42.29.169,c52589ca
2001:67c:89c:702:1ce:1ce:babe:2,c5aebc20
2001:67c:289c::25,c5c1345c
185.191.239.49,c5d24ae1
185.227.134.106,c6193942
185.40.4.38,c649dc3e
2001:67c:2608::1,c67a48b3
23.191.200.10,c6a56a1b
2a10:1fc0:1::317b:c7b3,c6a80193
45.129.199.162,c6c491ad
2600:3c0a::f03c:95ff:fe5d:a877,c6caa4de
2a03:4000:17:a15:d4db:fbff:fef4:8b7b,c714864a
185.220.101.136,c721fa96
185.220.100.243,c72c0f37
192.42.116.22,c76db444
2a01:5e0:36:c311::1,c7836551
2605:6400:30:f440:757e:adf1:55f7:5a31,c7bb5946
2a0d:bbc7::f816:3eff:feec:9f18,c7bc28f1
2a0b:f4c2:2::52,c7c5a38a
2402:1f00:8100:400::9,c7d17e04
2a0b:f4c2:1::146,c7d5a87d
2a12:a800:2:1:45:141:215:95,c7d80862
2a12:a800:2:1:185:241:208:81,c804b395
23.191.200.18,c87ee229
146.19.143.132,c885c973
166.70.207.2,c8abb59b
2001:67c:289c:4::79,c8b9c85c
185.241.208.206,c8d70be4
45.141.215.110,c906c1e8
185.246.188.74,c90b1408
45.88.186.89,c96ea8c1
185.227.68.78,c9724b09
2605:a141:2261:4410::1,c9990a0e
185.220.101.163,ca3cfa5c
45.141.215.95,ca3f5074
185.129.61.7,ca55a271
2605:6400:30:f3d3:7c3:507c:6f32:c132,ca7350f6
23.129.64.146,caac9e34
185.107.57.65,cab357cb
2620:18c:0:192::e0:141,cac0698f
2a0e:97c0:3e3:a0e::1,cacae9f7
185.220.101.184,cadb4271
88.80.20.86,cae8585b
87.120.222.33,caf501d2
185.220.101.33,cb0e30e9
2a00:16b0:1:243::7012:a500,cb18b48f
2a03:4000:1d:3d:1827:b1ff:feec:f6b0,cb98ac2e
209.141.55.26,cb99b8c9
83.97.20.77,cb9ab1e5
2a0b:f4c2::8,cb9c44d1
5.255.99.5,cbbb058e
193.189.100.202,cbce849d
2a00:16b0:1:243::7012:e817,cbdd1469
100.42.29.161,cbfe01f8
185.220.101.37,cc63f4f0
193.26.115.212,cc791207
185.82.219.109,cc8b0eab
178.175.148.209,cc901678
100.42.29.165,cc93c5e1
193.189.100.206,cca34084
2001:67c:289c:2::235,ccd946c5
89.58.41.156,cd2a9bf3
2a12:a800:8:1:45:94:31:68,cd329eee
185.129.61.3,cd386668
107.189.5.188,cd505577
185.220.101.167,cd513e45
45.84.107.128,cd887110
2a0f:df00:0:255::203,cd8e8560
2a10:1fc0:1::49fd:671e,cd9a7337
2620:18c:0:192::e0:145,cdadad96
185.220.101.180,cdb68668
23.129.64.142,cdc15a2d
2602:fc24:12:81a6::1,cdc43bbe
2001:67c:e60:c0c:192:42:116:183,cdcb3cb8
185.195.71.244,cdd6cf47
2a04:52c0:103:412::1,cde44a5f
38.97.116.243,cde91b1f
192.42.116.209,ce47ed3a
2407:3640:2207:8882::1,ce4b71f7
45.141.215.114,ce6b05f1
81.16.33.42,ce6f50cb
2605:6400:30:f5db:25a1:b884:ef2d:8818,ceab5dc7
176.65.149.96,ceacb7b3
88.80.26.3,ceaf04db
138.59.18.110,cf00c717
2a10:1fc0:1::d8fd:efbf,cf3b8939
2a0d:bbc7::f816:3eff:fe65:992f,cf48768c
89.58.26.216,cf79dfa3
185.241.208.202,cfbacffd
212.21.66.6,cfbb61fb
2001:470:1:908::9001,d01c91ec
45.9.168.43,d02c23c3
107.189.4.12,d0501a90
178.218.144.96,d06289b5
2a03:4000:6:102b:c457:f3ff:feb0:a6d0,d0a6f91c
103.146.203.11,d0d734e1
185.220.101.99,d134317d
193.109.120.199,d187b9fa
185.40.4.20,d189654d
2001:b030:2422::7234,d1bff386
185.104.120.30,d1f0c829
2607:f530:9002::19,d2037ee6
107.189.14.4,d20667af
185.220.101.23,d21501a8
2a10:1fc0:1::6e6d:3f93,d2419ef3
45.138.16.240,d2458860
45.141.215.200,d25b4ef0
45.12.3.80,d294961a
100.42.29.171,d2e530b9
185.220.101.173,d327cb1d
82.153.138.241,d3321088
62.72.47.105,d332abb8
176.58.121.177,d3409072
2a0b:f4c2::14,d36bde77
51.91.18.151,d384f506
23.129.64.156,d3b7af75
2001:67c:e60:c0c:192:42:116:197,d3bdc9e0
37.77.56.238,d3c015bc
45.141.215.62,d3c3d918
2620:18c:0:192::e0:151,d3db58ce
2a0c:5700:3133:1705:be24:11ff:fef5:7c39,d3eb123b
2a0b:f4c2::10,d4061a6e
45.138.16.76,d41e7859
2001:67c:e60:c0c:192:42:116:174,d437b5d4
2a12:a800:9:1:193:26:115:212,d44652aa
2607:5300:201:3100::35c5,d47e91aa
2a06:1700:0:16::1,d487d34d
107.189.3.11,d48e7393
2605:6400:30:f51a:f826:ecfc:47b6:92a9,d49801c1
185.220.101.190,d4adb729
2605:6400:30:eb71:51b7:4869:7579:3aa1,d4b1448f
2620:18c:0:192::e0:155,d4b69cd7
2001:67c:e60:c0c:192:42:116:193,d4d00df9
23.129.64.152,d4da6b6c
5.45.98.162,d4f7d9aa
104.192.3.74,d53960ee
185.220.101.27,d578c5b1
2001:67c:6ec:203:218:33ff:fe44:5528,d5d57559
199.195.248.168,d6a7991a
23.191.200.4,d6b32da3
5.255.121.71,d6e08024
2a0b:f4c0:16c:1::1,d6f2fc39
93.99.104.194,d6f6d7d7
195.47.238.89,d700c85c
103.109.101.105,d70d3963
2a0e:4005:1002:ffff:185:40:4:127,d735596d
192.42.116.219,d75cdc7b
45.84.107.182,d7b27084
171.25.193.36,d7b93f63
2a01:6340:2:501::10,d7be7164
107.189.5.7,d7c7d8f3
103.251.167.10,d7efb277
2602:fc24:19:524::1,d818f7c6
2605:6400:30:f623:5a78:29a6:8492:27b0,d878b927
2a10:1fc0:1::a94d:cec3,d87b41c9
91.235.234.92,d91172e3
74.82.47.194,d95e699a
109.104.153.22,d9797556
192.42.116.211,d9875449
2a0b:f4c2:1::152,d9a35d25
2a0b:f4c2:2::46,d9b356d2
2a12:a800:2:1:185:241:208:185,da0fc810
45.66.35.33,da7692e2
2001:41d0:601:1100::6524,da80251c
2a0b:f4c2::18,dadd925c
23.236.122.193,daf22aa3
2001:67c:6ec:203:218:33ff:fe44:5520,db0efd6b
193.105.134.150,dc06c823
2001:67c:6ec:203:218:33ff:fe44:5524,dc633972
185.40.4.92,dc73ddaa
46.38.243.210,dc8b30e0
45.138.16.248,dc9e0052
94.72.103.33,dcb92ed0
5.255.123.158,dcf4b994
2620:18c:0:192::e0:159,dd00d0fc
45.84.107.54,dd1293da
171.25.193.80,dd2e439d
2605:6400:30:ef7a:391a:8c71:a2f1:9506,dd406373
2001:67c:e60:c0c:192:42:116:178,dd81f9ff
146.59.126.232,dd91bb3d
45.145.93.133,dd9c8441
114.35.245.150,ddacee41
188.68.52.231,dde3e9b8
2a12:a800:2:1:45:141:215:62,de24810e
185.220.100.253,de373e76
23.137.254.244,de4ad2d3
2a0e:bfc0:0:11::796d,de529461
2a0c:5700:3133:4000:be24:11ff:fe51:a829,de6ae79a
185.42.170.203,de852293
2a0b:f4c2:1::156,dece993c
2a0b:f4c2:2::42,dede92cb
192.42.116.215,deea9050
2a03:e600:100::4,def1d1fd
23.191.200.8,df056188
2a05:b0c7:655b::1,df1382b1
2a0b:f4c0:16c:14::1,df243bbb
83.228.94.69,df5b6c5a
160.187.148.71,df7d3eaf
204.137.14.104,df89ef4d
2605:6400:30:ea52:4246:fb82:f36c:8ede,dfc88924
190.103.179.98,dfdccfe7
38.135.24.72,e001cb53
2a00:1dc0:caff:138::94d2,e00d4fd5
109.70.100.65,e04e14e2
185.183.159.40,e0846675
2602:f6f6:2:dc17::1,e0863c0e
209.141.41.25,e0925794
2a0c:5700:3133:1705:be24:11ff:fee1:73d9,e0d4af93
2a10:1fc0:1::d6af:9460,e0e222db
2a12:a800:2:1:45:141:215:17,e10fe346
185.220.101.153,e111a99f
102.130.113.9,e1141096
2a03:4000:28:1e8::69,e11c72d6
2a0b:f4c0:16c:4::1,e12c0c0b
205.185.121.170,e195fc64
2a0b:f4c2:2::37,e1f5f083
2a12:a800:2:1:45:138:16:69,e209a0fa
146.19.143.92,e22c39b8
107.189.11.111,e238de37
77.72.85.176,e28a1ff3
104.36.80.7,e2a61555
178.218.144.51,e2b3531a
2800:ba0:6:c1::4858,e3460353
23.191.200.28,e353b1ea
2a0b:f4c2:4::96,e35ddd3f
185.40.4.149,e391a890
91.208.75.239,e3b1e309
2a12:a800:2:1:45:138:16:107,e3b8f5ec
185.104.120.10,e3c6aaab
192.42.116.183,e40d3075
2001:1b60:3:239:1003:106:0:1,e41df73a
83.96.213.63,e42c0d0f
45.9.168.192,e44c2b45
2001:67c:89c:702:1ce:1ce:babe:10,e45d0296
2a03:4000:1e:7d4:84fb:5fff:fef3:9d56,e4b8e30c
125.212.241.131,e4ca7ea0
45.138.16.239,e4d8a603
109.70.100.3,e4fd7896
2a0e:4005:1002:ffff:185:40:4:38,e502786c
91.235.234.145,e5227f20
2605:6400:30:f414:bf7c:cd6f:39bc:c682,e52fdc50
2a10:1fc0:1::28e8:2439,e5418e61
205.185.116.34,e5467d0c
45.138.16.164,e55890a2
77.48.28.239,e559bee5
2a04:52c0:115:df08::1,e57ec6f4
104.167.242.118,e5d1fb49
2a10:1fc0:1::bf4a:70cd,e62abd2c
45.143.200.32,e62ff3a2
2a0b:f4c2::30,e63078ec
163.172.45.102,e657be9a
185.220.101.157,e67c6d86
2a0b:f4c2:2::33,e698349a
179.43.159.194,e6bcfdad
192.159.99.168,e6ffa357
2001:67c:e60:c0c:192:42:116:209,e781e1f7
46.232.251.191,e7b0b2d3
2a06:d380:0:103::62,e81e63be
109.71.252.182,e84ed788
198.251.84.237,e858ab19
2604:a00:101:4:216:3eff:fe2f:1c84,e8aae6ba
45.84.107.97,e8ae8d6c
2a0b:f4c0:16c:11::1,e8facb89
2001:67c:e60:c0c:192:42:116:201,e95a69c5
2a03:4000:2b:66e:dead:beef:ca1f:1337,e962711f
185.130.47.58,e9676868
64.190.76.4,e9cdcac9
109.70.100.69,e9f858c9
45.138.16.231,ea032e31
2407:3640:2259:6302::1,ea28a17e
185.220.101.52,ea53a7f9
2a0c:5700:3133:4000:be24:11ff:fe07:68d,ea658715
2605:6400:30:f174::42,eaaca769
204.8.96.120,ead57ca6
23.191.200.24,eae5fdc1
185.220.101.102,eb616d4c
2604:b480:3:6::2,eb7c1868
2a0b:f4c2:1::172,eb953fa7
178.20.55.182,ebe5d648
46.183.216.212,ebeec08b
185.220.101.106,ec0ca955
2a0b:f4c2:1::191,ec1f4393
179.43.182.58,ec316a7f
2a03:e600:100::66,ec5c67e6
177.93.140.66,ec64fd60
2a04:52c0:128:c6e7:50ef:cafe:babe:1337,ec7d615d
45.141.215.17,ece8bb50
2a0b:f4c2:2::62,ece8f049
2a0b:f4c2:1::176,ecf8fbbe
2a12:a800:2:1:45:141:215:167,ecfa9085
121.78.28.166,ed02dcb9
185.220.101.56,ed3e63e0
2a10:1fc0:1::cfba:db18,ed840d79
23.191.200.20,ed8839d8
2a0e:97c0:3e3:b6::1,edb898ef
2605:e440:3::3ef,edc7773b
178.63.98.250,ee322555
2a10:1fc0:1::86d8:ed21,ee34bda1
107.189.3.148,eea5efdb
195.47.238.176,eee07102
179.43.159.198,ef0ab186
173.237.206.68,ef1b3abc
45.84.107.74,ef24f158
2803:6d90:111::67,ef67ac0c
2a0c:5700:3133:1705:be24:11ff:fead:5be0,ef68172d
94.16.121.91,efc14bed
2a10:1fc0:1::d54e:8f12,efdffbd6
108.59.12.3,eff53e53
94.142.241.194,f01e2d91
2a0d:8140:1fff:2a21::1,f02c7a79
2605:6400:30:f7fa:c230:6fe8:a09a:5836,f0382ab2
2a0e:bfc7:0:3::2d83,f03c5d0e
2001:67c:e60:c0c:192:42:116:211,f0415884
2605:6400:30:f8da:2b2:a293:30ad:506d,f060f47c
38.135.25.143,f0e77d9a
144.126.133.74,f0e89505
93.95.231.14,f0eade0c
2a0d:8140:1fff:2c04::1,f0fa7820
45.94.31.68,f10e2bfd
193.189.100.194,f12924b8
205.185.116.215,f157bf8a
2a0e:97c0:3e3:460:1337:b00b:1337:1,f17c31fb
176.121.81.51,f18b904b
160.119.249.240,f18ee9bd
179.43.159.78,f1964b4d
193.237.221.228,f1addb43
2a10:1fc0:1::c181:cad7,f1ae7bc8
205.185.123.93,f1b38ac7
194.26.141.110,f1e4138e
2a0b:f4c2::28,f1f0c19f
185.191.204.254,f2429e3d
2a12:a800:2:1:45:141:215:56,f26416d4
2a0b:f4c2:1::185,f269b6cb
2620:18c:0:192::e0:130,f286cfde
2a0b:f4c2:1::162,f28e0ee6
91.208.75.178,f29ca8c2
2a0b:f4c2::,f29d2dae
23.129.64.137,f2ea3865
92.246.84.133,f2ecbee5
2a00:74a0:e000:1003::114,f2eeccdd
45.84.107.200,f32325f9
185.220.101.42,f34896b8
185.246.188.115,f359207f
185.233.100.23,f35d756d
2a10:1fc0:1::7072:6325,f362f7db
38.135.24.33,f36a3ec1
45.79.144.222,f36ea24b
2a0b:f4c2:4::106,f374fcca
2001:41d0:304:200::3ea4,f3755e13
2a0b:f4c0:16c:7::1,f399a3e5
2001:620:20d0::23,f39ae035
2a0d:bbc7::f816:3eff:fe5d:4413,f3ec0a75
2a0b:f4c2:4::102,f41938d3
178.17.174.164,f41c52ff
185.220.101.46,f42552a1
2605:6400:30:f174:42:42::,f4255eb1
192.42.116.178,f447f532
185.100.87.136,f48a79bf
23.191.200.30,f4930899
2605:6400:30:f858:2704:73e1:7085:12ef,f4955a08
2a0d:bbc7::f816:3eff:fe84:8a9e,f4c54e68
107.189.29.184,f574a89e
23.129.64.133,f587fc7c
2605:e440:38::21a,f5988d37
2a0b:f4c2:1::166,f5e3caff
2620:18c:0:192::e0:134,f5eb0bc7
2001:bf0:666::666,f5f06d92
5.45.102.93,f5fe3035
77.72.85.133,f68c2e78
5.104.86.6,f6b98f8d
172.105.203.121,f7115654
2001:67c:e60:c0c:192:42:116:215,f72c9c9d
185.220.101.8,f73bcc2d
2001:67c:6ec:203:218:33ff:fe44:5514,f74e6ab1
2a0f:df00:0:255::195,f7692545
195.176.3.24,f76ff85b
91.208.75.3,f77a1eec
100.42.28.69,f79ae894
64.190.113.221,f7bf7102
2001:bc8:1640:317d:dc00:ff:fe39:7bb3,f80763fb
185.220.101.143,f80a98de
5.255.111.64,f8313f3a
2a0b:f4c2::24,f8468db4
172.105.20.12,f8512bdd
2a0c:5700:3133:1705:be24:11ff:feb6:9942,f857d79c
45.138.16.42,f85eef83
5.79.66.19,f89ca893
193.189.100.198,f89f6893
2a10:1fc0:1::1078:9b3b,f8ea0cf0
45.129.199.84,f8eeb54b
2620:18c:0:192::e0:161,f8f60b0d
2a0b:f4c2:1::133,f8feca35
89.234.157.254,f91e65a6
185.220.101.13,f938526b
107.189.8.56,f987a435
185.123.53.165,f993463b
185.225.69.232,f9ba410f
209.141.32.198,f9d42924
185.220.101.0,f9e0441f
2a04:52c0:104:31e6::1,fa126177
82.221.128.191,fa4e56c7
2a0b:f4c0:16c:12::1,fa4f6467
199.195.253.180,fa73de12
192.42.116.197,fa7bc52d
185.165.171.84,fa8544fa
185.244.192.184,fa864822
23.137.253.27,faf80ffc
2a0e:97c0:3e3:460:1337:b20b:1337:9,fb5269f4
23.151.8.8,fbbec259
2a0b:f4c2:1::189,fbdffae0
5.2.67.226,fbe3c6c7
2602:fc24:19:eb06::dead,fbe7cdb5
198.46.166.157,fc1003f4
2620:18c:0:192::e0:138,fc5d47ec
2a01:6340:2:501::20,fc9322a7
103.251.167.20,fcc2e1b4
192.42.116.193,fd160134
77.48.28.193,fd250128
89.147.110.118,fd808d6b
2a12:a800:2:1:45:138:16:113,fdce00b4
192.42.116.174,fdf1b919
185.40.4.100,fe21d530
100.42.28.65,fe2ca4bf
176.65.149.100,fe34679e
109.70.100.71,fe38e1ba
185.220.101.17,fe559672
93.113.25.239,fe615f33
5.255.123.164,fe6fa67c
185.220.101.4,fe8d8006
161.129.68.162,fe93bb20
2001:67c:e60:c0c:192:42:116:219,fe9ad0b6
185.56.171.94,fec246f6
2a0f:df00:0:255::199,fedf696e
2001:67c:6ec:203:218:33ff:fe44:5518,fef8269a
178.218.144.18,ff032eba
2a10:1fc0:1::201b:fde8,ff1e0fe0
2a0b:f4c2::20,ff2b49ad
190.211.254.97,ff348358
82.153.138.7,ff35cb58
2a0e:4005:1002:ffff:185:40:4:92,ff3879f8
2.58.56.65,ff451f1f
185.220.101.147,ff675cc7
2a0e:bfc0:0:2::8a62,ff827cae
45.141.215.56,ff834ec2
2a0b:f4c2:1::137,ff930e2c
45.141.215.169,ff9bef8b
23.129.64.162,fff738af
124.198.131.223,fff9cf5f
